year,month,ndvi,ndvi_anomaly_z,vci,rainfall_mm,rain_anomaly_z,spi_1,spi_3,spi_6,spi_12,lst_c,lst_anomaly_z,soil_moisture,soil_anomaly_z,soil_percentile,date,rain_anomaly_z_lag1,rain_anomaly_z_lag2,spi_1_lag1,spi_1_lag2,spi_3_lag1,spi_3_lag2,soil_anomaly_z_lag1,soil_anomaly_z_lag2,ndvi_anomaly_z_lag1,ndvi_anomaly_z_lag2,drought_class
2000,2,0.281238141421183,-1.3232465207172304,7.026089434463801,9.494556227401747,-0.9442187516961431,-1.209889019783237,-1.661295029700631,0.5022042143261148,0.27157560174529694,37.27680374775465,1.0887108294887275,0.1684837261420434,-1.4831399003984718,4.0,2000-02-01,,,,,,,,,,,Normal
2000,3,0.26641270987952725,-1.218636151419579,10.449591845730165,17.13730719503815,-1.210085805203831,-1.490833450656948,-2.287162280308702,-0.5975864550858683,0.25158938346338966,40.44008631739359,1.131202282178927,0.17557600369856496,-1.810598802236794,8.0,2000-03-01,-0.9442187516961431,,-1.209889019783237,,-1.661295029700631,,-1.4831399003984718,,-1.3232465207172304,,Normal
2000,4,0.30117227100073296,-0.977903917820161,22.354263068676094,77.13992954690562,-0.04566792929165789,0.11233948610627459,-1.0025801975643798,-1.3693316983774626,0.6007647406366236,38.105683513307476,0.33430406125974854,0.2252649286723411,-1.0484198977461867,20.0,2000-04-01,-1.210085805203831,-0.9442187516961431,-1.490833450656948,-1.209889019783237,-2.287162280308702,-1.661295029700631,-1.810598802236794,-1.4831399003984718,-1.218636151419579,-1.3232465207172304,Moderate
2000,5,0.3561063014184921,-0.04554453415375634,40.622329705225646,58.44258331980632,0.10056722134413602,0.3144780348818664,-0.47835101572291655,-1.000687362084869,0.8524683100702489,40.49467227603784,0.6922167137794735,0.23180753481500807,-0.12986696092032388,60.0,2000-05-01,-0.04566792929165789,-1.210085805203831,0.11233948610627459,-1.490833450656948,-1.0025801975643798,-2.287162280308702,-1.0484198977461867,-1.810598802236794,-0.977903917820161,-1.218636151419579,Moderate
2000,6,0.28660736075671867,-0.24553779534420203,32.52061517741634,10.511141255266693,-0.39707771520317403,-0.2891590683928336,0.06622331104095193,-1.0553468996223643,0.8559455531800085,40.07854503547363,0.9074390631240485,0.16836935141763335,-0.9959258597812222,8.0,2000-06-01,0.10056722134413602,-0.04566792929165789,0.3144780348818664,0.11233948610627459,-0.47835101572291655,-1.0025801975643798,-0.12986696092032388,-1.0484198977461867,-0.04554453415375634,-0.977903917820161,Moderate
2000,7,0.36074012737291883,-0.401460008143758,31.01970432032226,210.07647206285657,0.5730603259966294,0.6261562786810022,0.6356846491827293,-0.16793416650680634,0.6852336246455835,30.07034769594343,-0.2677213797963576,0.2386049787391437,-0.6597701984326173,40.0,2000-07-01,-0.39707771520317403,0.10056722134413602,-0.2891590683928336,0.3144780348818664,0.06622331104095193,-0.47835101572291655,-0.9959258597812222,-0.12986696092032388,-0.24553779534420203,-0.04554453415375634,Normal
2000,8,0.5464261359029159,0.06128936469159535,65.88784148389591,290.75017076429896,0.8942038457009228,0.8809587367174381,0.8215185179978376,0.5609952942300492,0.6336420477042911,26.990941463106395,-0.7060474773080258,0.33908695897939506,0.480991184155356,68.0,2000-08-01,0.5730603259966294,-0.39707771520317403,0.6261562786810022,-0.2891590683928336,0.6356846491827293,0.06622331104095193,-0.6597701984326173,-0.9959258597812222,-0.401460008143758,-0.24553779534420203,Normal
2000,9,0.5697900386462904,0.6214706967962322,73.99521052844,52.87413659687971,0.3401098952239103,0.43931478620119396,0.882180846830837,0.848707062288946,0.5774401191988177,30.911852206307223,-0.19862991926768558,0.2057041634890203,-0.5950998749001437,36.0,2000-09-01,0.8942038457009228,0.5730603259966294,0.8809587367174381,0.6261562786810022,0.8215185179978376,0.6356846491827293,0.480991184155356,-0.6597701984326173,0.06128936469159535,-0.401460008143758,Normal
2000,10,0.5648071055893746,1.6187481071360827,97.21384842918901,103.45013327115115,2.8673361156090826,2.3816491347117137,1.4930979950426508,1.3401013889120752,0.7605060763153693,30.69571283500274,-0.7553692013056861,0.2142945097812772,1.1891203738827663,88.0,2000-10-01,0.3401098952239103,0.8942038457009228,0.43931478620119396,0.8809587367174381,0.882180846830837,0.8215185179978376,-0.5950998749001437,0.480991184155356,0.6214706967962322,0.06128936469159535,Normal
2000,11,0.5475859785303572,2.4652279576962295,100.0,36.32362611340484,1.183081735784499,1.3072569229431208,2.3836353393213408,1.3257249972420397,0.9456758604804041,29.15212556145383,-1.4149220299717413,0.24810558846780156,1.3266828273509863,92.0,2000-11-01,2.8673361156090826,0.3401098952239103,2.3816491347117137,0.43931478620119396,1.4930979950426508,0.882180846830837,1.1891203738827663,-0.5950998749001437,1.6187481071360827,0.6214706967962322,Normal
2000,12,0.4970034452646422,2.230061784047942,90.10280892862164,20.835092147193343,1.0311017170711456,1.174607149210864,2.618650429146412,1.4658333114498872,1.0742002122102963,28.425002845981375,-1.1835964423604755,0.31906630735682956,1.8759558358761224,96.0,2000-12-01,1.183081735784499,2.8673361156090826,1.3072569229431208,2.3816491347117137,2.3836353393213408,1.4930979950426508,1.3266828273509863,1.1891203738827663,2.4652279576962295,1.6187481071360827,Normal
2001,1,0.4732354402592097,2.049707297510351,88.6550212269616,11.431570878712092,-0.8751552516322852,-1.00937014174438,0.8407873937345453,1.683884715817663,1.1197378774248303,29.724028486695907,-0.4820295541560168,0.2789735992469782,0.25822563310732294,68.0,2001-01-01,1.0311017170711456,1.183081735784499,1.174607149210864,1.3072569229431208,2.618650429146412,2.3836353393213408,1.8759558358761224,1.3266828273509863,2.230061784047942,2.4652279576962295,Normal
2001,2,0.4083706421719143,1.5382237158977907,88.41359667271522,16.86888247124322,-0.4897970535459888,-0.4190193544855609,-0.356669795077614,1.9960177479647556,1.1506452340772524,34.66283283232114,0.11460999431272964,0.29997142665442267,0.6887437635158447,76.0,2001-02-01,-0.8751552516322852,1.0311017170711456,-1.00937014174438,1.174607149210864,0.8407873937345453,2.618650429146412,0.25822563310732294,1.8759558358761224,2.049707297510351,2.230061784047942,Normal
2001,3,0.4037562079278719,1.7363448175929215,77.77102496305646,106.13503889645098,1.621296694870877,1.4546359434041234,0.9704679792603044,2.3023902529135345,1.6837700588509907,33.332158678896434,-0.988909047692845,0.397476601668667,1.8343114207133404,100.0,2001-03-01,-0.4897970535459888,-0.8751552516322852,-0.4190193544855609,-1.00937014174438,-0.356669795077614,0.8407873937345453,0.6887437635158447,0.25822563310732294,1.5382237158977907,2.049707297510351,Normal
2001,4,0.38035357442923934,0.2801905229354571,49.21010958901477,30.368329624699456,-1.32481441675861,-1.58406082476845,0.02057544746159049,0.259354189470394,1.4095343635379558,39.88262979530733,0.7990247327675742,0.26415906200603295,-0.4554081332896514,40.0,2001-04-01,1.621296694870877,-0.4897970535459888,1.4546359434041234,-0.4190193544855609,0.9704679792603044,-0.356669795077614,1.8343114207133404,0.6887437635158447,1.7363448175929215,1.5382237158977907,Normal
2001,5,0.3569569988219929,-0.032402847408235486,40.9157804797585,36.328683088886066,-0.5341199147546288,-0.3637316373107037,-0.13814791049655692,-0.29996421266836576,1.1920844480641541,38.80833913049604,0.18699102301955145,0.21841767437173495,-0.4050587339180962,40.0,2001-05-01,-1.32481441675861,1.621296694870877,-1.58406082476845,1.4546359434041234,0.02057544746159049,0.9704679792603044,-0.4554081332896514,1.8343114207133404,0.2801905229354571,1.7363448175929215,Normal
2001,6,0.3316084415177685,0.6530089094527942,52.1064146380689,27.52938676475888,1.002288071864242,1.170448840606774,-1.0460656082132753,-0.2506595565808814,1.3232012818839387,39.220288972297766,0.6213706024871657,0.18215378030146395,-0.14578906557638782,64.0,2001-06-01,-0.5341199147546288,-1.32481441675861,-0.3637316373107037,-1.58406082476845,-0.13814791049655692,0.02057544746159049,-0.4050587339180962,-0.4554081332896514,-0.032402847408235486,0.2801905229354571,Normal
2001,7,0.47081860052137486,0.931409609802839,67.07566599790056,265.85831383320743,1.4210344633068048,1.2498162804967077,1.3269068398955886,1.0172835465059205,1.864702459309616,30.81589713186647,-0.07266303361906357,0.27611100684174006,0.23256809770104672,56.00000000000001,2001-07-01,1.002288071864242,-0.5341199147546288,1.170448840606774,-0.3637316373107037,-1.0460656082132753,-0.13814791049655692,-0.14578906557638782,-0.4050587339180962,0.6530089094527942,-0.032402847408235486,Normal
2001,8,0.6336751224555929,1.5184734541981524,93.73855062954621,283.42178213420215,0.7985921572867822,0.8060267481485398,1.2344397133642642,1.1573108408282213,1.606783610514038,27.32278205840019,-0.5464475898184014,0.3613938133639146,0.8908761876586548,80.0,2001-08-01,1.4210344633068048,1.002288071864242,1.2498162804967077,1.170448840606774,1.3269068398955886,-1.0460656082132753,0.23256809770104672,-0.14578906557638782,0.931409609802839,0.6530089094527942,Normal
2001,9,0.5914521945696575,1.0666375692107901,84.36350498963677,43.21434769626885,-0.2764652983958905,-0.17800460137591995,1.1297933396198907,0.7599088939472896,1.513714822332861,31.19528696826618,-0.071990078220667,0.24656406132559455,1.1339553270094724,88.0,2001-09-01,0.7985921572867822,1.4210344633068048,0.8060267481485398,1.2498162804967077,1.2344397133642642,1.3269068398955886,0.8908761876586548,0.23256809770104672,1.5184734541981524,0.931409609802839,Normal
2001,10,0.4811548209883841,0.13716939686154775,54.888335609053485,14.38689085613044,-0.7267464667001383,-0.8554776697201183,0.5106911588321276,0.97963455987279,0.9817238016146169,32.222318602585254,-0.20615160004769817,0.17350007308011817,-0.7656685072593525,24.0,2001-10-01,-0.2764652983958905,0.7985921572867822,-0.17800460137591995,0.8060267481485398,1.1297933396198907,1.2344397133642642,1.1339553270094724,0.8908761876586548,1.0666375692107901,1.5184734541981524,Normal
2001,11,0.4109331710359973,-0.2051371150869502,37.785438860504115,8.799563237642028,-0.7958646959763821,-0.981888067036984,-1.0682988937077407,0.9668696530388632,0.815059439216802,33.18532510798184,0.2631989290856901,0.19647483964959228,-0.1456326020811936,56.00000000000001,2001-11-01,-0.7267464667001383,-0.2764652983958905,-0.8554776697201183,-0.17800460137591995,0.5106911588321276,1.1297933396198907,-0.7656685072593525,1.1339553270094724,0.13716939686154775,1.0666375692107901,Normal
2001,12,0.3635687097237973,-0.6013460990749402,24.024777259465335,10.3966375117971,-0.3196473781234704,-0.2186867670262939,-1.2492183174602074,0.9157471644330484,0.7767315714875077,32.86854727247071,0.8478913546910172,0.18130638384560405,-0.789137645713299,32.0,2001-12-01,-0.7958646959763821,-0.7267464667001383,-0.981888067036984,-0.8554776697201183,-1.0682988937077407,0.5106911588321276,-0.1456326020811936,-0.7656685072593525,-0.2051371150869502,0.13716939686154775,Normal
2002,1,0.3888846195518061,0.3179323959316796,46.70085767428815,38.200815300026576,1.6523431184926123,1.6236840806844202,0.2947657367459877,0.5697701762800328,1.0023455014641962,26.73196430850752,-1.6102254420356714,0.3626839270528343,1.4409826201313545,92.0,2002-01-01,-0.3196473781234704,-0.7958646959763821,-0.2186867670262939,-0.981888067036984,-1.2492183174602074,-1.0682988937077407,-0.789137645713299,-0.1456326020811936,-0.6013460990749402,-0.2051371150869502,Normal
2002,2,0.4173120072699519,1.7394739859047361,94.13766732608192,15.901602661798783,-0.5494028967186018,-0.5066565405678649,0.3571155973360811,-0.7093936483374809,0.9784163376301087,33.59740880399538,-0.2824221339642523,0.2783486540930746,0.3315837682347251,60.0,2002-02-01,1.6523431184926123,-0.3196473781234704,1.6236840806844202,-0.2186867670262939,0.2947657367459877,-1.2492183174602074,1.4409826201313545,-0.789137645713299,0.3179323959316796,-0.6013460990749402,Normal
2002,3,0.3636346053966997,0.8731181369664723,58.104686040980226,38.893614374344224,-0.5179285306745627,-0.374169392763467,-0.10132448981457523,-0.7489319397375059,0.5005155124880837,36.39489551587368,-0.07537371099040452,0.35713487580050274,1.1716635037026093,88.0,2002-03-01,-0.5494028967186018,1.6523431184926123,-0.5066565405678649,1.6236840806844202,0.3571155973360811,0.2947657367459877,0.3315837682347251,1.4409826201313545,1.7394739859047361,0.3179323959316796,Normal
2002,4,0.3783901194830029,0.2489936160196149,48.54416646352257,84.19950757868287,0.147402961106927,0.29888092236600705,-0.2494648358635847,-0.1549513437558921,0.8744064400928067,36.12890376133654,-0.18267859773493625,0.34718251927049276,0.8104353928091921,76.0,2002-04-01,-0.5179285306745627,-0.5494028967186018,-0.374169392763467,-0.5066565405678649,-0.10132448981457523,0.3571155973360811,1.1716635037026093,0.3315837682347251,0.8731181369664723,1.7394739859047361,Normal
2002,5,0.30481450442711333,-0.8379070427280946,22.92906122649037,24.57342813626101,-0.871505406327046,-0.8512030738628841,-0.5685538892130445,-0.45732283494431697,0.7493290159024947,42.90216707939036,1.4135025571137718,0.18789314833552753,-1.032406455383011,16.0,2002-05-01,0.147402961106927,-0.5179285306745627,0.29888092236600705,-0.374169392763467,-0.2494648358635847,-0.10132448981457523,0.8104353928091921,1.1716635037026093,0.2489936160196149,0.8731181369664723,Normal
2002,6,0.2578519992163091,-0.8197025691765925,20.005432541258585,11.881626768556485,-0.28438627836266234,-0.1281961618551874,-0.4382638310701713,-0.5029843383847041,0.6587826585642493,39.802617566689364,0.8154686715016897,0.17774421377381044,-0.4177433687430306,44.0,2002-06-01,-0.871505406327046,0.147402961106927,-0.8512030738628841,0.29888092236600705,-0.5685538892130445,-0.2494648358635847,-1.032406455383011,0.8104353928091921,-0.8379070427280946,0.2489936160196149,Normal
2002,7,0.3461553102536352,-0.5780582027370234,26.242479563414783,129.96836296293367,-0.6447123855107638,-0.5008966839213115,-1.2751990045522286,-1.2342457621632343,-0.3685093311361283,32.67448569113431,0.4136001075313046,0.18215211858640104,-2.0028889339801763,4.0,2002-07-01,-0.28438627836266234,-0.871505406327046,-0.1281961618551874,-0.8512030738628841,-0.4382638310701713,-0.5685538892130445,-0.4177433687430306,-1.032406455383011,-0.8197025691765925,-0.8379070427280946,Moderate
2002,8,0.5722875434426127,0.49321222234380224,74.14304957219119,201.79291663197057,-0.2663996230271464,-0.13140165103006377,-0.4264846446468383,-0.8200945100284952,-0.9801432416329093,28.457589736040966,-0.0006578936738389496,0.22742196367385267,-1.5708358553294834,8.0,2002-08-01,-0.6447123855107638,-0.28438627836266234,-0.5008966839213115,-0.1281961618551874,-1.2751990045522286,-0.4382638310701713,-2.0028889339801763,-0.4177433687430306,-0.5780582027370234,-0.8197025691765925,Normal
2002,9,0.575483786319164,0.7384797264060986,76.72044492657423,67.49299998524819,1.2732181253235058,1.24516075059202,-0.23633825094471472,-0.4868714659995245,-0.7627395931554604,30.574384016939312,-0.34941212242654107,0.23366787408809295,0.5882315046693415,72.0,2002-09-01,-0.2663996230271464,-0.6447123855107638,-0.13140165103006377,-0.5008966839213115,-0.4264846446468383,-1.2751990045522286,-1.5708358553294834,-2.0028889339801763,0.49321222234380224,-0.5780582027370234,Normal
2002,10,0.47495193595210716,0.027309128778450455,51.74986436015638,12.976844811664105,-0.7836478526282996,-0.9745008712754605,-0.12349236618557573,-0.7057610836330752,-0.806132974943179,34.36371987534549,0.564247212357292,0.1707942820691956,-0.8953246714464517,16.0,2002-10-01,1.2732181253235058,-0.2663996230271464,1.24516075059202,-0.13140165103006377,-0.23633825094471472,-0.4264846446468383,0.5882315046693415,-1.5708358553294834,0.7384797264060986,0.49321222234380224,Normal
2002,11,0.38086106367459915,-0.7927833305968514,24.09437025873821,9.317863549255886,-0.7585995379625192,-0.9078995970548623,-0.2124228744858026,-0.47871933062673716,-0.8225280673346466,34.29241884767277,0.7238350039399426,0.169820985959847,-0.9057006030201911,4.0,2002-11-01,-0.7836478526282996,1.2732181253235058,-0.9745008712754605,1.24516075059202,-0.12349236618557573,-0.23633825094471472,-0.8953246714464517,0.5882315046693415,0.027309128778450455,0.7384797264060986,Normal
2002,12,0.35260716153928057,-0.8339438092219466,18.59652407528781,25.56983599649188,1.6437834974499803,1.6541756232267317,-0.5407052718888689,-0.3815622692073538,-0.7149684397931984,27.922891554198422,-1.4131503444072513,0.29289787664964,1.3697032747277968,88.0,2002-12-01,-0.7585995379625192,-0.7836478526282996,-0.9078995970548623,-0.9745008712754605,-0.2124228744858026,-0.12349236618557573,-0.9057006030201911,-0.8953246714464517,-0.7927833305968514,0.027309128778450455,Normal
2003,1,0.4182529097799143,0.920881691419115,61.307971643770706,32.14282700033192,1.0803600130777125,1.1770670854092389,0.768399267047398,0.038183716914669,-0.7356857081117596,29.290380629353827,-0.6455419991789643,0.37674819218944366,1.6396989349959046,96.0,2003-01-01,1.6437834974499803,-0.7585995379625192,1.6541756232267317,-0.9078995970548623,-0.5407052718888689,-0.2124228744858026,1.3697032747277968,-0.9057006030201911,-0.8339438092219466,-0.7927833305968514,Normal
2003,2,0.4003962532210106,1.3587379313544434,83.3085634622474,39.64264700507609,0.9135708488951011,1.0573173828149802,1.5712687386807067,0.7974626200250782,-0.5317607194469183,33.469630141622105,-0.33003907606585897,0.28119591202895483,0.3786141214448835,68.0,2003-02-01,1.0803600130777125,1.6437834974499803,1.1770670854092389,1.6541756232267317,0.768399267047398,-0.5407052718888689,1.6396989349959046,1.3697032747277968,0.920881691419115,-0.8339438092219466,Normal
2003,3,0.39136322261480927,1.4697065255023762,71.69637604459305,67.83056205681898,0.4026743398414701,0.5610396659411793,1.088299350700835,0.5581690989608418,-0.27277572884396883,36.286772317721805,-0.10762406989701392,0.30924802319666694,0.38508032097434736,60.0,2003-03-01,0.9135708488951011,1.0803600130777125,1.0573173828149802,1.1770670854092389,1.5712687386807067,0.768399267047398,0.3786141214448835,1.6396989349959046,1.3587379313544434,0.920881691419115,Normal
2003,4,0.4191709363569353,0.8969511107442649,62.37575689609531,102.51300784249557,0.6482549647724914,0.738866919931063,0.944599058627746,1.0543301207923386,-0.1460776961517895,34.46532926887861,-0.6177494060478685,0.3217449289830879,0.42259308840722537,56.00000000000001,2003-04-01,0.4026743398414701,0.9135708488951011,0.5610396659411793,1.0573173828149802,1.088299350700835,1.5712687386807067,0.38508032097434736,0.3786141214448835,1.4697065255023762,1.3587379313544434,Normal
2003,5,0.3667916595858913,0.11952430139432954,44.30827798422663,16.35211065020902,-1.1074639842211949,-1.3044949745135637,0.08111301329998494,0.6020405567727674,-0.19101164859148625,38.78760206933595,0.18077819604841688,0.21385018602875233,-0.4989309008892996,32.0,2003-05-01,0.6482549647724914,0.4026743398414701,0.738866919931063,0.5610396659411793,0.944599058627746,1.088299350700835,0.42259308840722537,0.38508032097434736,0.8969511107442649,1.4697065255023762,Normal
2003,6,0.28977870067277844,-0.1822149376889014,33.90087597486967,13.019954884282779,-0.19078453670746004,-0.003899497007958552,-0.20749535482892867,0.41328591533175835,-0.19353769259149994,38.61996414681168,0.42127414400899243,0.1727571383593654,-0.7253147843616563,28.000000000000004,2003-06-01,-1.1074639842211949,0.6482549647724914,-1.3044949745135637,0.738866919931063,0.08111301329998494,0.944599058627746,-0.4989309008892996,0.42259308840722537,0.11952430139432954,0.8969511107442649,Normal
2003,7,0.40795489550024083,0.17023333166510268,46.484797735258894,166.32588356261098,-0.0920193193303069,0.05567770378556261,-0.710189617223719,0.11917277211077247,0.058207514845973585,30.49342681398513,-0.15703104983159688,0.26894969902265287,0.062187240525434895,52.0,2003-07-01,-0.19078453670746004,-1.1074639842211949,-0.003899497007958552,-1.3044949745135637,-0.20749535482892867,0.08111301329998494,-0.7253147843616563,-0.4989309008892996,-0.1822149376889014,0.11952430139432954,Normal
2003,8,0.5753919432642687,0.5450601830631263,75.13400362129696,300.46930439125873,1.0210069975124825,0.9784606199676471,0.6103022025634658,0.5787726179267108,0.7313085947466603,27.372379636206087,-0.5225934624155409,0.3893798809124639,1.4051158557644983,96.0,2003-08-01,-0.0920193193303069,-0.19078453670746004,0.05567770378556261,-0.003899497007958552,-0.710189617223719,-0.20749535482892867,0.062187240525434895,-0.7253147843616563,0.17023333166510268,-0.1822149376889014,Normal
2003,9,0.5387125195494626,-0.017186047605418586,59.120381344342235,45.741341626845106,-0.11516966470739588,-0.00827848532881922,0.6066869411198333,0.4647313904145514,0.5726933657708596,30.275349583992778,-0.4830219619331652,0.2503041592562051,1.292223852506983,92.0,2003-09-01,1.0210069975124825,-0.0920193193303069,0.9784606199676471,0.05567770378556261,0.6103022025634658,-0.710189617223719,1.4051158557644983,0.062187240525434895,0.5450601830631263,0.17023333166510268,Normal
2003,10,0.45372227529927084,-0.34869271503996513,41.00830149173341,12.036174098630918,-0.8216079373245961,-1.0591929321356823,0.6826777172090597,0.14941830932893532,0.570423872026463,34.79768130385375,0.7203708559756598,0.17451088499924694,-0.7172323953720001,28.000000000000004,2003-10-01,-0.11516966470739588,1.0210069975124825,-0.00827848532881922,0.9784606199676471,0.6066869411198333,0.6103022025634658,1.292223852506983,1.4051158557644983,-0.017186047605418586,0.5450601830631263,Normal
2003,11,0.38015834708336005,-0.806515282949074,23.774441198142917,10.534575756983882,-0.6711194194628811,-0.7450394548259928,-0.9912416256299663,0.3578698993281373,0.5881868217992148,33.9350265219584,0.5751323311689255,0.17114768055542748,-0.8678682459863039,8.0,2003-11-01,-0.8216079373245961,-0.11516966470739588,-1.0591929321356823,-0.00827848532881922,0.6826777172090597,0.6066869411198333,-0.7172323953720001,1.292223852506983,-0.34869271503996513,-0.017186047605418586,Normal
2003,12,0.39658109987239465,0.0991577189796526,40.37279753223626,17.86946539588653,0.647345903501854,0.8375539520690625,-0.8872836205103314,0.42010929495272076,0.5600106798746688,31.706391963816593,0.3165802882965041,0.28656942426828,1.2472734942790789,84.0,2003-12-01,-0.6711194194628811,-0.8216079373245961,-0.7450394548259928,-1.0591929321356823,-0.9912416256299663,0.6826777172090597,-0.8678682459863039,-0.7172323953720001,-0.806515282949074,-0.34869271503996513,Normal
2004,1,0.38420687294802613,0.22189534381488887,44.37425380218473,23.830996246271695,0.29557362340606746,0.4651564431046087,0.01897342275388041,0.6935727179433128,0.5355573924943016,31.45855006559095,0.1719938879256135,0.3335989625525602,1.030036373930673,84.0,2004-01-01,0.647345903501854,-0.6711194194628811,0.8375539520690625,-0.7450394548259928,-0.8872836205103314,-0.9912416256299663,1.2472734942790789,-0.8678682459863039,0.0991577189796526,-0.806515282949074,Normal
2004,2,0.37867083796444134,0.8697470850509879,69.40041738624977,16.773297219874543,-0.4956872204315858,-0.4275223934428311,0.0923776396469801,-0.8355986484076515,0.3581665422581205,33.82529008992375,-0.1975017740500768,0.34797179631273023,1.4816028546436235,96.0,2004-02-01,0.29557362340606746,0.647345903501854,0.4651564431046087,0.8375539520690625,0.01897342275388041,-0.8872836205103314,1.030036373930673,1.2472734942790789,0.22189534381488887,0.0991577189796526,Normal
2004,3,0.3219676203884314,-0.023357848319865815,37.6808495704151,29.972919005028494,-0.8017324015632977,-0.7584694796402037,-0.8223438187058503,-1.1497291817868471,0.08698596258709734,37.15165524557337,0.1503481813143765,0.2672171564322503,-0.3053132036511186,36.0,2004-03-01,-0.4956872204315858,0.29557362340606746,-0.4275223934428311,0.4651564431046087,0.0923776396469801,0.01897342275388041,1.4816028546436235,1.030036373930673,0.8697470850509879,0.22189534381488887,Moderate
2004,4,0.39454846343889816,0.5057300149232274,54.02457644053414,109.09325771043372,0.8282168116887372,0.8842919802301457,0.06518758661039194,0.038546885029747104,0.12775760728578645,35.3373455965788,-0.38969298280105014,0.3780534341506663,1.2811186073293885,96.0,2004-04-01,-0.8017324015632977,-0.4956872204315858,-0.7584694796402037,-0.4275223934428311,-0.8223438187058503,0.0923776396469801,-0.3053132036511186,1.4816028546436235,-0.023357848319865815,0.8697470850509879,Normal
2004,5,0.33278258353129647,-0.4058524332411054,32.5767390512309,13.269779401134018,-1.1959294277908359,-1.5186006903900466,-0.48513132283993143,-0.47947366886321446,0.10345870689249129,42.104398187971896,1.174490864614438,0.1965910994094451,-0.8536439815230412,24.0,2004-05-01,0.8282168116887372,-0.8017324015632977,0.8842919802301457,-0.7584694796402037,0.06518758661039194,-0.8223438187058503,1.2811186073293885,-0.3053132036511186,0.5057300149232274,-0.023357848319865815,Normal
2004,6,0.2844879548726799,-0.2878564494970313,31.598187139722643,30.12932403415043,1.2160741088137452,1.3341343710611775,0.18368319644995512,-0.34331888748522293,0.2216308425238808,39.296862041393936,0.6468934516022958,0.186002323884846,0.09156487428628346,76.0,2004-06-01,-1.1959294277908359,0.8282168116887372,-1.5186006903900466,0.8842919802301457,-0.48513132283993143,0.06518758661039194,-0.8536439815230412,1.2811186073293885,-0.4058524332411054,0.5057300149232274,Normal
2004,7,0.3890120920531709,-0.05913292379960379,40.28012414542512,149.32464310840382,-0.3504656479171462,-0.19311366749971193,-0.7648438623821768,-0.6198496679102592,0.09130945962051343,33.72386816306831,0.6881503916844486,0.23011432291274792,-0.8617787217680678,28.000000000000004,2004-07-01,1.2160741088137452,-1.1959294277908359,1.3341343710611775,-1.5186006903900466,0.18368319644995512,-0.48513132283993143,0.09156487428628346,-0.8536439815230412,-0.2878564494970313,-0.4058524332411054,Normal
2004,8,0.5131879779291388,-0.49383587948131047,55.277904258940964,193.87315772796072,-0.36972677431051154,-0.23506001543652122,-0.17973363968180497,-0.5220931394578089,-0.7345440054944234,29.57757643668726,0.5380036020806778,0.2839243686776227,-0.5326128914952241,28.000000000000004,2004-08-01,-0.3504656479171462,1.2160741088137452,-0.19311366749971193,1.3341343710611775,-0.7648438623821768,0.18368319644995512,-0.8617787217680678,0.09156487428628346,-0.05913292379960379,-0.2878564494970313,Normal
2004,9,0.5072386713204653,-0.6639875307320088,44.055854645351566,34.58318139564064,-0.8273844838698096,-0.8140231537707192,-0.41369156983820027,-0.402173744890081,-0.8036834620438396,32.78109188882815,0.6365542149476782,0.18440123734685437,-1.4965689732647942,8.0,2004-09-01,-0.36972677431051154,-0.3504656479171462,-0.23506001543652122,-0.19311366749971193,-0.17973363968180497,-0.7648438623821768,-0.5326128914952241,-0.8617787217680678,-0.49383587948131047,-0.05913292379960379,Normal
2004,10,0.42683846079823323,-0.8248361629528691,27.4059086731117,26.68085477521176,-0.23063246511000318,-0.06183880846948936,-0.4463930060208571,-0.7129754268858972,-0.7188838931784927,33.073354305618224,0.10002029929265166,0.17768830559070847,-0.5649766726517365,40.0,2004-10-01,-0.8273844838698096,-0.36972677431051154,-0.8140231537707192,-0.23506001543652122,-0.41369156983820027,-0.17973363968180497,-1.4965689732647942,-0.5326128914952241,-0.6639875307320088,-0.49383587948131047,Normal
2004,11,0.37479416163452556,-0.911338108979126,21.332263465468937,22.85532911180357,0.21472766634641505,0.43805439125792195,-0.4044631323884003,-0.2922397992608919,-0.6376945991107227,33.71644644150598,0.4841862200211578,0.19212641664814423,-0.26963332694520714,44.0,2004-11-01,-0.23063246511000318,-0.8273844838698096,-0.06183880846948936,-0.8140231537707192,-0.4463930060208571,-0.41369156983820027,-0.5649766726517365,-1.4965689732647942,-0.8248361629528691,-0.6639875307320088,Normal
2004,12,0.3818169110744377,-0.214129824784794,33.061443925497414,10.207334836852038,-0.3441433812035526,-0.2513103934802864,-0.05579039768080966,-0.46028349925835926,-0.7164419833688339,30.334495544623298,-0.31061965996905433,0.23252753704179493,0.20178306637273732,68.0,2004-12-01,0.21472766634641505,-0.23063246511000318,0.43805439125792195,-0.06183880846948936,-0.4044631323884003,-0.4463930060208571,-0.26963332694520714,-0.5649766726517365,-0.911338108979126,-0.8248361629528691,Normal
2005,1,0.3663350437469556,-0.145024444234052,35.485215865161464,19.777898702340124,-0.08711171783903432,0.05715445793482321,0.05224043669090662,-0.4490092179443454,-0.7201624544944463,30.793783258873507,-0.07866489914345369,0.34097784960259936,1.1342938824562148,88.0,2005-01-01,-0.3441433812035526,0.21472766634641505,-0.2513103934802864,0.43805439125792195,-0.05579039768080966,-0.4044631323884003,0.20178306637273732,-0.26963332694520714,-0.214129824784794,-0.911338108979126,Normal
2005,2,0.3289748734394648,-0.2487987040145061,37.586124041869496,13.546205580831467,-0.6945474842997331,-0.7367772229597072,-0.6546121887731298,-0.8088363022624979,-0.739834087964657,35.97840026927136,0.6048585014775588,0.2795332153913822,0.3511500799328847,64.0,2005-02-01,-0.08711171783903432,-0.3441433812035526,0.05715445793482321,-0.2513103934802864,0.05224043669090662,-0.05579039768080966,1.1342938824562148,0.20178306637273732,-0.145024444234052,-0.214129824784794,Normal
2005,3,0.3202885571087639,-0.05948333010596765,36.857825926135256,64.48869471289936,0.29635584683885646,0.4687560607199634,0.03780024389535024,-0.04142342273934938,-0.42391390384254174,37.310028066901694,0.19758670566616898,0.3184387454548931,0.536045923689025,72.0,2005-03-01,-0.6945474842997331,-0.08711171783903432,-0.7367772229597072,0.05715445793482321,-0.6546121887731298,0.05224043669090662,0.3511500799328847,1.1342938824562148,-0.2487987040145061,-0.145024444234052,Normal
2005,4,0.3680400477177743,0.08454358570389975,45.033742578514904,79.75579339109206,0.025872771765143736,0.1827371859797179,0.10013642330209893,0.07991892085365551,-0.6781185139384597,34.756241247992655,-0.5416678656811015,0.2706730779604485,-0.3560901188815564,44.0,2005-04-01,0.29635584683885646,-0.6945474842997331,0.4687560607199634,-0.7367772229597072,0.03780024389535024,-0.6546121887731298,0.536045923689025,0.3511500799328847,-0.05948333010596765,-0.2487987040145061,Normal
2005,5,0.408985929901055,0.771347006689804,58.86332570610705,116.04935440450951,1.7539289611481825,1.508238886840385,1.0935108392866004,0.8615066986649338,0.11972098549558179,33.51720453706126,-1.3982337808331462,0.32497419108967385,1.7849175458427649,96.0,2005-05-01,0.025872771765143736,0.29635584683885646,0.1827371859797179,0.4687560607199634,0.10013642330209893,0.03780024389535024,-0.3560901188815564,0.536045923689025,0.08454358570389975,-0.05948333010596765,Normal
2005,6,0.35276477140654083,1.0754421085151693,61.31427426093272,13.617441443253044,-0.1416547807411779,0.05840741207914811,1.1082037712828954,0.9157224746725957,-0.0019115191407094215,36.10626719493516,-0.4165753607996879,0.184368916222019,-0.009173427300823019,72.0,2005-06-01,1.7539289611481825,0.025872771765143736,1.508238886840385,0.1827371859797179,1.0935108392866004,0.10013642330209893,1.7849175458427649,-0.3560901188815564,0.771347006689804,0.08454358570389975,Normal
2005,7,0.4151041705708861,0.25679931736109707,48.82652705432394,204.2738482123977,0.48485106653930476,0.5553201824343673,1.3812896403761836,1.1115062953164514,0.41591926037525767,30.32457546553328,-0.20120768412553558,0.3173203003196115,1.2130139776626827,92.0,2005-07-01,-0.1416547807411779,1.7539289611481825,0.05840741207914811,1.508238886840385,1.1082037712828954,1.0935108392866004,-0.009173427300823019,1.7849175458427649,1.0754421085151693,0.771347006689804,Normal
2005,8,0.5120391891191808,-0.5130223118081002,54.911199907634824,209.1104160937451,-0.17093000292041563,-0.03803039583107906,0.2349063987475669,0.7276839976268503,0.46875510804228154,28.52938193825183,0.0338708154653842,0.2639877805439418,-0.8989446187820901,24.0,2005-08-01,0.48485106653930476,-0.1416547807411779,0.5553201824343673,0.05840741207914811,1.3812896403761836,1.1082037712828954,1.2130139776626827,-0.009173427300823019,0.25679931736109707,1.0754421085151693,Normal
2005,9,0.5079545353331267,-0.6492762090741847,44.398493157589414,30.18645872083937,-1.1080231357493278,-1.1806811265149708,0.11036930635064827,0.525559354657183,0.4297373233940678,32.447093423032385,0.48732229884118067,0.21897404365504206,-0.03356260866548951,44.0,2005-09-01,-0.17093000292041563,0.48485106653930476,-0.03803039583107906,0.5553201824343673,0.2349063987475669,1.3812896403761836,-0.8989446187820901,1.2130139776626827,-0.5130223118081002,0.25679931736109707,Normal
2005,10,0.439180814541933,-0.6062388033163073,33.65076443648228,15.58960460128321,-0.6782118254076669,-0.7603914882902181,-0.4494831300569395,0.4085968352867902,0.35273508404126835,34.170587180464956,0.4947650463264705,0.17791376149749877,-0.5541732706337118,44.0,2005-10-01,-1.1080231357493278,-0.17093000292041563,-1.1806811265149708,-0.03803039583107906,0.11036930635064827,0.2349063987475669,-0.03356260866548951,-0.8989446187820901,-0.6492762090741847,-0.5130223118081002,Normal
2005,11,0.390874274491486,-0.5971127920831585,28.65313145795895,28.368286251169245,0.6111025368966995,0.8258050191537111,-0.7648998888085616,0.03085837021779245,0.3966209870539236,33.69749594645174,0.4763013577503543,0.21188812455418493,0.2938965099827855,80.0,2005-11-01,-0.6782118254076669,-1.1080231357493278,-0.7603914882902181,-1.1806811265149708,-0.4494831300569395,0.11036930635064827,-0.5541732706337118,-0.03356260866548951,-0.6062388033163073,-0.6492762090741847,Normal
2005,12,0.360957139611214,-0.6567621058150509,22.73150521972217,9.608879698723568,-0.4215842251384857,-0.3572385409542273,-0.29882878331476603,0.01143443403371917,0.41310075569822857,33.429578219344094,1.1043819876072227,0.17108440208562797,-0.9868913629271323,20.0,2005-12-01,0.6111025368966995,-0.6782118254076669,0.8258050191537111,-0.7603914882902181,-0.7648998888085616,-0.4494831300569395,0.2938965099827855,-0.5541732706337118,-0.5971127920831585,-0.6062388033163073,Normal
2006,1,0.3150358639575334,-1.1982285658519902,9.970180433923332,12.366151835596908,-0.786913992069676,-0.8674147981948377,-0.08664837155359108,-0.48293562945209073,0.3936849939100397,33.145913131274874,0.8082356122649761,0.17406772435249895,-1.2240067241602364,20.0,2006-01-01,-0.4215842251384857,0.6111025368966995,-0.3572385409542273,0.8258050191537111,-0.29882878331476603,-0.7648998888085616,-0.9868913629271323,0.2938965099827855,-0.6567621058150509,-0.5971127920831585,Normal
2006,2,0.27751992378870716,-1.4069353416383859,4.645766049888384,13.168753132825449,-0.7178069085131752,-0.7762077073906667,-1.1542887230382948,-1.4059674779414293,0.3823324463134532,35.75261428216049,0.5207189583337668,0.2350102859564689,-0.38426945157070375,40.0,2006-02-01,-0.786913992069676,-0.4215842251384857,-0.8674147981948377,-0.3572385409542273,-0.08664837155359108,-0.29882878331476603,-1.2240067241602364,-0.9868913629271323,-1.1982285658519902,-0.6567621058150509,Moderate
2006,3,0.2793340208537596,-0.9406307957520781,16.783209271389126,85.43241803586984,0.9626614994594812,1.0036891755321569,0.39582766352705046,0.10474699329007628,0.5299531930016707,33.038931550177765,-1.0763711307977952,0.309596282081568,0.3908007759051629,64.0,2006-03-01,-0.7178069085131752,-0.786913992069676,-0.7762077073906667,-0.8674147981948377,-1.1542887230382948,-0.08664837155359108,-0.38426945157070375,-1.2240067241602364,-1.4069353416383859,-1.1982285658519902,Normal
2006,4,0.4186495664773286,0.8886671785695075,62.19892437552829,82.6132882117043,0.10402178674048505,0.25790078848244774,0.4988847975752992,0.40659741283608186,0.5502038983346321,35.594498035121234,-0.32244049738274,0.3598157016375195,1.003051222602786,92.0,2006-04-01,0.9626614994594812,-0.7178069085131752,1.0036891755321569,-0.7762077073906667,0.39582766352705046,-1.1542887230382948,0.3908007759051629,-0.38426945157070375,-0.9406307957520781,-1.4069353416383859,Normal
2006,5,0.3484905693364735,-0.16319337726511393,37.99525870570653,30.873191219506197,-0.6906970212093918,-0.5735300609569511,0.26557908331097363,-0.11210905847916028,-0.06373528291706282,39.203215122766665,0.3052959359526008,0.22554293855014737,-0.2586185159156812,44.0,2006-05-01,0.10402178674048505,0.9626614994594812,0.25790078848244774,1.0036891755321569,0.4988847975752992,0.39582766352705046,1.003051222602786,0.3908007759051629,0.8886671785695075,-0.9406307957520781,Normal
2006,6,0.26501083712682894,-0.6767604418790408,23.121170237232242,9.811677659957878,-0.4545927759671277,-0.3769450966588366,-0.38267510182469044,-0.15932801220095674,-0.09925624796134795,37.162043836156194,-0.06467059543994291,0.16989762329235433,-0.9016716717261228,16.0,2006-06-01,-0.6906970212093918,0.10402178674048505,-0.5735300609569511,0.25790078848244774,0.26557908331097363,0.4988847975752992,-0.2586185159156812,1.003051222602786,-0.16319337726511393,0.8886671785695075,Normal
2006,7,0.3282203737757973,-0.7952208436002662,20.367930581775,140.30014882319387,-0.48765254446434825,-0.33301359797291163,-0.9863397754833881,-0.4364379563079456,-0.6851492981952144,32.24378200647651,0.3009149596741351,0.2673409953273754,0.023913182006066565,48.0,2006-07-01,-0.4545927759671277,-0.6906970212093918,-0.3769450966588366,-0.5735300609569511,-0.38267510182469044,0.26557908331097363,-0.9016716717261228,-0.2586185159156812,-0.6767604418790408,-0.16319337726511393,Normal
2006,8,0.48964923555725925,-0.8869668741959329,47.764113057964586,249.2917942361899,0.3533065790791173,0.43922615285996974,0.026360255144628697,0.0674950380203216,-0.30561751171506957,29.360724225871213,0.43370777770308466,0.3197258558042324,0.12523390408423274,56.00000000000001,2006-08-01,-0.48765254446434825,-0.4545927759671277,-0.33301359797291163,-0.3769450966588366,-0.9863397754833881,-0.38267510182469044,0.023913182006066565,-0.9016716717261228,-0.7952208436002662,-0.6767604418790408,Normal
2006,9,0.5322850723539192,-0.1492729264817425,56.04397171120401,58.06735376159508,0.6715880374265382,0.7405919340608637,0.1411684012573154,-0.08006492244721593,-0.09359344684368832,31.121494594624217,-0.10496082042572516,0.23583266525513846,0.6798382787097207,76.0,2006-09-01,0.3533065790791173,-0.48765254446434825,0.43922615285996974,-0.33301359797291163,0.026360255144628697,-0.9863397754833881,0.12523390408423274,0.023913182006066565,-0.8869668741959329,-0.7952208436002662,Normal
2006,10,0.45214662537510314,-0.3765992975514595,40.21107053284797,39.56171114523929,0.2891651558772944,0.5317588922945602,0.5702146479292375,-0.05122419183969273,0.06800096609859335,32.863495376549174,0.024520638493915798,0.19704840863672676,0.3627212497232275,72.0,2006-10-01,0.6715880374265382,0.3533065790791173,0.7405919340608637,0.43922615285996974,0.1411684012573154,0.026360255144628697,0.6798382787097207,0.12523390408423274,-0.1492729264817425,-0.8869668741959329,Normal
2006,11,0.40422407982659425,-0.33624106504748075,34.730959608366625,15.159661860470727,-0.3385813896525396,-0.22520573853172568,0.4926984852152077,0.10952276356624112,-0.03196818309457428,32.14857266839807,-0.16816975925931393,0.1971865355120739,-0.125337703723547,64.0,2006-11-01,0.2891651558772944,0.6715880374265382,0.5317588922945602,0.7405919340608637,0.5702146479292375,0.1411684012573154,0.3627212497232275,0.6798382787097207,-0.3765992975514595,-0.1492729264817425,Normal
2006,12,0.4115030962013899,0.4157938472456313,47.76229878914518,14.41772803241331,0.2006867682740354,0.3957688526964294,0.28343940125558,0.15865658025867246,0.011372747384378773,28.49131587638114,-1.1532796278734725,0.2520560545654953,0.5795803490002762,76.0,2006-12-01,-0.3385813896525396,0.2891651558772944,-0.22520573853172568,0.5317588922945602,0.4926984852152077,0.5702146479292375,-0.125337703723547,0.3627212497232275,-0.33624106504748075,-0.3765992975514595,Normal
2007,1,0.4040169391670473,0.6286083454075472,54.227326376606705,28.244191386691405,0.7122586575033507,0.8602537653520862,0.31670282185674986,0.6349667604747482,0.16730532582543964,28.19633971292946,-1.05806405404658,0.3046965313928905,0.6216691713154541,76.0,2007-01-01,0.2006867682740354,-0.3385813896525396,0.3957688526964294,-0.22520573853172568,0.28343940125558,0.4926984852152077,0.5795803490002762,-0.125337703723547,0.4157938472456313,-0.33624106504748075,Normal
2007,2,0.3805372922927168,0.9117568266734968,70.59528151820162,33.88787953244854,0.5589498135761622,0.7531833438915772,0.8411672853986444,0.8497469234300715,0.31657854933516055,32.48042344499819,-0.6986686823303351,0.40241019998467265,2.380803914240323,100.0,2007-02-01,0.7122586575033507,0.2006867682740354,0.8602537653520862,0.3957688526964294,0.31670282185674986,0.28343940125558,0.6216691713154541,0.5795803490002762,0.6286083454075472,0.4157938472456313,Normal
2007,3,0.3412040932090633,0.39051985177981197,47.109959333962756,31.813840112913095,-0.7431651582275908,-0.6732067019037653,-0.07351284361114462,0.07473712773439688,-0.07126955921991371,37.15911265704842,0.15257253465108228,0.27365435033222063,-0.19957669790147928,40.0,2007-03-01,0.5589498135761622,0.7122586575033507,0.7531833438915772,0.8602537653520862,0.8411672853986444,0.31670282185674986,2.380803914240323,0.6216691713154541,0.9117568266734968,0.6286083454075472,Normal
2007,4,0.37216593614154636,0.150098925971976,46.433116186565066,71.58774843232493,-0.19751334365227147,-0.04255393570925285,-0.2827209484919097,-0.17662781460411883,-0.16669115341820526,36.86957665914742,0.011027880578485472,0.28578826575751887,-0.12563160451563726,48.0,2007-04-01,-0.7431651582275908,0.5589498135761622,-0.6732067019037653,0.7531833438915772,-0.07351284361114462,0.8411672853986444,-0.19957669790147928,2.380803914240323,0.39051985177981197,0.9117568266734968,Normal
2007,5,0.31107125376633643,-0.74125194595344,25.087346807352958,21.718428943933805,-0.953446232776503,-0.9940504853978716,-0.9989574569926893,-0.6313637161776606,-0.21725629886615908,41.58924515219027,1.0201509294492437,0.1777568435210281,-1.2407303363797935,12.0,2007-05-01,-0.19751334365227147,-0.7431651582275908,-0.04255393570925285,-0.6732067019037653,-0.2827209484919097,-0.07351284361114462,-0.12563160451563726,-0.19957669790147928,0.150098925971976,0.39051985177981197,Normal
2007,6,0.3002898989817112,0.027664523964699095,38.475659928682994,30.615006570243917,1.2560105125990988,1.3637122043840675,-0.3696921613348843,-0.43093352771521437,-0.0753702353711239,35.95615353035405,-0.4666102941835245,0.2050513263671419,1.266387425120808,84.0,2007-06-01,-0.953446232776503,-0.19751334365227147,-0.9940504853978716,-0.04255393570925285,-0.9989574569926893,-0.2827209484919097,-1.2407303363797935,-0.12563160451563726,-0.74125194595344,0.150098925971976,Normal
2007,7,0.5113044655486788,1.4216269784467914,80.3367220078199,263.94603481971217,1.3919647320949737,1.2299187856251164,1.1508475555689226,0.6868455159167398,0.8650074894729933,28.462302088990803,-0.6884348852415144,0.3468990482034463,1.9167475059432,100.0,2007-07-01,1.2560105125990988,-0.953446232776503,1.3637122043840675,-0.9940504853978716,-0.3696921613348843,-0.9989574569926893,1.266387425120808,-1.2407303363797935,0.027664523964699095,-0.74125194595344,Normal
2007,8,0.5654263551507864,0.3786204682273048,71.95289279147232,219.42684581914511,-0.03633407546094441,0.08995865063256742,0.8388820347952713,0.37767788486705456,0.561245039573149,27.660579335929683,-0.38398281530738243,0.2868686651975701,-0.47851189775623726,32.0,2007-08-01,1.3919647320949737,1.2560105125990988,1.2299187856251164,1.3637122043840675,1.1508475555689226,-0.3696921613348843,1.9167475059432,1.266387425120808,1.4216269784467914,0.027664523964699095,Normal
2007,9,0.5548923846990743,0.3153173278768122,66.8646523581368,59.15788765761543,0.7411957850705043,0.8015851103667896,0.8087917479060398,0.6200106120150789,0.5569786668649368,29.576392773371253,-0.7953187980165883,0.22580226139245094,0.2553848930110882,64.0,2007-09-01,-0.03633407546094441,1.3919647320949737,0.08995865063256742,1.2299187856251164,0.8388820347952713,1.1508475555689226,-0.47851189775623726,1.9167475059432,0.3786204682273048,1.4216269784467914,Normal
2007,10,0.4691663728796722,-0.07515988466160375,48.82254533758485,13.026055881488901,-0.7816619755805057,-0.9701940336759538,-0.017062795673450308,0.5459545702374181,0.3774976668419528,32.94751569373615,0.054748113092968766,0.17570921866862976,-0.6598106113682705,32.0,2007-10-01,0.7411957850705043,-0.03633407546094441,0.8015851103667896,0.08995865063256742,0.8087917479060398,0.8388820347952713,0.2553848930110882,-0.47851189775623726,0.3153173278768122,0.3786204682273048,Normal
2007,11,0.3928656620069938,-0.5581986141361892,29.559759741765717,11.618732083316601,-0.5931699065893149,-0.6107550798016292,-0.4154469847277282,0.6839349603229541,0.35729704877249663,33.20110766351861,0.2697656850639655,0.17237886032625005,-0.8327596137375393,16.0,2007-11-01,-0.7816619755805057,0.7411957850705043,-0.9701940336759538,0.8015851103667896,-0.017062795673450308,0.8087917479060398,-0.6598106113682705,0.2553848930110882,-0.07515988466160375,0.3153173278768122,Normal
2007,12,0.3255467402272484,-1.4081502923611202,5.19597009517498,6.92339581547247,-0.76908920093833,-0.8984921460772063,-1.3653724185471248,0.5675467091891088,0.3212234835238523,32.62656337200022,0.7372618000593099,0.16726902366357796,-1.0607033969587414,4.0,2007-12-01,-0.5931699065893149,-0.7816619755805057,-0.6107550798016292,-0.9701940336759538,-0.4154469847277282,-0.017062795673450308,-0.8327596137375393,-0.6598106113682705,-0.5581986141361892,-0.07515988466160375,Normal
2008,1,0.32271335440906257,-1.0406049036331226,13.788788093887336,22.545773682927635,0.17422548660496365,0.3411380024056526,-0.6461150364035932,-0.15259393291729623,0.31370376741986755,31.963332073270855,0.3623283698834582,0.23749906448817854,-0.3277748886360603,48.0,2008-01-01,-0.76908920093833,-0.5931699065893149,-0.8984921460772063,-0.6107550798016292,-1.3653724185471248,-0.4154469847277282,-1.0607033969587414,-0.8327596137375393,-1.4081502923611202,-0.5581986141361892,Normal
2008,2,0.3164967712029122,-0.5296530720831628,29.597909933753428,11.810110020200158,-0.801529392439731,-0.925114822892907,-0.7817455432634616,-0.8886835890893329,0.14121405025659295,35.4901824907013,0.4229232920821643,0.1860517714927076,-1.1929549587246218,20.0,2008-02-01,0.17422548660496365,-0.76908920093833,0.3411380024056526,-0.8984921460772063,-0.6461150364035932,-1.3653724185471248,-0.3277748886360603,-1.0607033969587414,-1.0406049036331226,-1.4081502923611202,Normal
2008,3,0.2571323184718879,-1.4183061786451012,5.900637884821981,10.591089942890287,-1.4183477981229646,-2.039426873370013,-1.876677817907368,-2.202968066828729,-0.004890847493535093,41.11448501445506,1.3323580045229273,0.16790652846781084,-1.9365766000839408,4.0,2008-03-01,-0.801529392439731,0.17422548660496365,-0.925114822892907,0.3411380024056526,-0.7817455432634616,-0.6461150364035932,-1.1929549587246218,-0.3277748886360603,-0.5296530720831628,-1.0406049036331226,Severe
2008,4,0.24385146498553084,-1.888661688465733,2.912820428668085,26.84897426385128,-1.421064514156702,-1.77539607190934,-2.648677345891066,-2.4401123612142412,-0.35939441749887163,42.56814303721717,1.5013608302431396,0.21450771214130376,-1.2124332182380344,16.0,2008-04-01,-1.4183477981229646,-0.801529392439731,-2.039426873370013,-0.925114822892907,-1.876677817907368,-0.7817455432634616,-1.9365766000839408,-1.1929549587246218,-1.4183061786451012,-0.5296530720831628,Severe
2008,5,0.2461120029674119,-1.7447511005413912,2.6794466755627973,53.75566106441887,-0.03395130466558516,0.18750951722128367,-1.7621772791338384,-1.9709098906361247,-0.09901778837680676,40.86472023418983,0.8030831435628788,0.19411191756389345,-0.9045967491453507,20.0,2008-05-01,-1.421064514156702,-1.4183477981229646,-1.77539607190934,-2.039426873370013,-2.648677345891066,-1.876677817907368,-1.2124332182380344,-1.9365766000839408,-1.888661688465733,-1.4183061786451012,Severe
2008,6,0.22210769972347316,-1.5334170396157996,4.448457688909347,23.609646237245222,0.6799780672680119,0.9039319245986842,-0.8040567976062755,-1.7508884742664166,-0.15918457070870798,39.37085113535206,0.671555026533903,0.17495939148121334,-0.5894936760071755,36.0,2008-06-01,-0.03395130466558516,-1.421064514156702,0.18750951722128367,-1.77539607190934,-1.7621772791338384,-2.648677345891066,-0.9045967491453507,-1.2124332182380344,-1.7447511005413912,-1.888661688465733,Severe
2008,7,0.32163038540677535,-0.8750147853989039,18.209394391245777,161.60956343337344,-0.16371500677880804,-0.011558415805700252,0.028261197287399512,-1.4955795223607449,-1.10700706926704,33.1420954667202,0.5359410081976629,0.2366037813557892,-0.7073824131519388,36.0,2008-07-01,0.6799780672680119,-0.03395130466558516,0.9039319245986842,0.18750951722128367,-0.8040567976062755,-1.7621772791338384,-0.5894936760071755,-0.9045967491453507,-1.5334170396157996,-1.7447511005413912,Moderate
2008,8,0.5338242694213932,-0.1491800064783938,61.86520544035509,189.4316295162191,-0.4276743031464714,-0.29444791232209444,-0.16904303962119815,-1.0502152622159842,-1.2428663689586266,28.248681242120885,-0.10113315980501562,0.23146194757306254,-1.4966017752509364,12.0,2008-08-01,-0.16371500677880804,0.6799780672680119,-0.011558415805700252,0.9039319245986842,0.028261197287399512,-0.8040567976062755,-0.7073824131519388,-0.5894936760071755,-0.8750147853989039,-1.5334170396157996,Moderate
2008,9,0.5787657704118214,0.8059259491648687,78.29132169479696,70.53210915402133,1.4672015905366547,1.3980100945858622,-0.05867424952166965,-0.4386928724441402,-1.1182385732422435,29.933593242126907,-0.635720129622883,0.18325027623596737,-1.5452738257324743,4.0,2008-09-01,-0.4276743031464714,-0.16371500677880804,-0.29444791232209444,-0.011558415805700252,-0.16904303962119815,0.028261197287399512,-1.4966017752509364,-0.7073824131519388,-0.1491800064783938,-0.8750147853989039,Normal
2008,10,0.4881857945174616,0.26169606989710587,58.445794459848315,45.08263965135882,0.5119582234096318,0.746769177232946,0.13198105461922685,0.07371016682612647,-0.8932445191947254,31.23739571313696,-0.5604912719221805,0.186484226371306,-0.14349351142376404,60.0,2008-10-01,1.4672015905366547,-0.4276743031464714,1.3980100945858622,-0.29444791232209444,-0.05867424952166965,-0.16904303962119815,-1.5452738257324743,-1.4966017752509364,0.8059259491648687,-0.1491800064783938,Normal
2008,11,0.4872932330451809,1.2870330516569546,72.55024050339848,56.39867391198593,2.62645310096963,2.2810681127783647,1.952733997436335,0.3479738739623091,-0.5504231320195689,30.48066025484159,-0.8621495008445477,0.31915587156086966,3.3527705843148152,100.0,2008-11-01,0.5119582234096318,1.4672015905366547,0.746769177232946,1.3980100945858622,0.13198105461922685,-0.05867424952166965,-0.14349351142376404,-1.5452738257324743,0.26169606989710587,0.8059259491648687,Normal
2008,12,0.39920326930656813,0.15479863719116416,41.67131844743061,7.083683083467573,-0.7483478278349364,-0.8624237182796513,1.4452405274344673,0.25643465477967337,-0.5607087920585427,30.864918383911988,-0.06812236009537997,0.17871732979899266,-0.8392252973846828,28.000000000000004,2008-12-01,2.62645310096963,0.5119582234096318,2.2810681127783647,0.746769177232946,1.952733997436335,0.13198105461922685,3.3527705843148152,-0.14349351142376404,1.2870330516569546,0.26169606989710587,Normal
2009,1,0.3574295206603868,-0.32786038154219477,31.05581293863817,15.833771458757235,-0.4595083018749855,-0.39793511774901824,1.3116710024710436,0.4223203107384655,-0.5852443939769687,31.07895108269428,0.02886125906381609,0.2368590349442622,-0.3368179713094972,44.0,2009-01-01,-0.7483478278349364,2.62645310096963,-0.8624237182796513,2.2810681127783647,1.4452405274344673,1.952733997436335,-0.8392252973846828,3.3527705843148152,0.15479863719116416,1.2870330516569546,Normal
2009,2,0.3363525123563116,-0.08274443738412024,42.3091306467924,15.020835317002708,-0.6036776574578201,-0.5897314298471259,-0.979447413936431,1.322299665169851,-0.5534819434629897,35.75027191875633,0.519846072512886,0.2332162731607368,-0.4139025432493963,36.0,2009-02-01,-0.4595083018749855,-0.7483478278349364,-0.39793511774901824,-0.8624237182796513,1.3116710024710436,1.4452405274344673,-0.3368179713094972,-0.8392252973846828,-0.32786038154219477,0.15479863719116416,Normal
2009,3,0.28372685394878006,-0.846117852800351,18.93643693490693,43.35495184142813,-0.37599510619574006,-0.2046194870312404,-0.6958473209319848,0.4683055368398741,-0.26380367495171647,38.812124500335855,0.6456232965053335,0.2277215585389414,-0.9540627331239759,20.0,2009-03-01,-0.6036776574578201,-0.4595083018749855,-0.5897314298471259,-0.39793511774901824,-0.979447413936431,1.3116710024710436,-0.4139025432493963,-0.3368179713094972,-0.08274443738412024,-0.32786038154219477,Normal
2009,4,0.3262204457726433,-0.5799189381959129,30.84982841253813,68.96143977286262,-0.26933969772916644,-0.11864493376272009,-0.48260466008884867,0.015403484737208041,0.04316890847712298,38.812931039684365,0.5192688791101868,0.2394261340836167,-0.8325065790015969,24.0,2009-04-01,-0.37599510619574006,-0.6036776574578201,-0.2046194870312404,-0.5897314298471259,-0.6958473209319848,-0.979447413936431,-0.9540627331239759,-0.4139025432493963,-0.846117852800351,-0.08274443738412024,Normal
2009,5,0.2806988672071701,-1.2104486170986446,14.610295480381794,14.768245568474034,-1.152922215568718,-1.4103577215667942,-0.9594294613672752,-1.292405948198729,-0.23306997871457366,42.521040987966316,1.2993171167603017,0.16952506340682785,-1.409911947655857,4.0,2009-05-01,-0.26933969772916644,-0.37599510619574006,-0.11864493376272009,-0.2046194870312404,-0.48260466008884867,-0.6958473209319848,-0.8325065790015969,-0.9540627331239759,-0.5799189381959129,-0.846117852800351,Moderate
2009,6,0.2382727890871259,-1.210645063147377,11.48398201822868,7.799047743263491,-0.6200860664405538,-0.6567301592953096,-1.1144555279506374,-1.3993200025668382,-0.3640968130569787,39.803606150738666,0.8157981800590184,0.16790073959257462,-1.024826887022852,4.0,2009-06-01,-1.152922215568718,-0.26933969772916644,-1.4103577215667942,-0.11864493376272009,-0.9594294613672752,-0.48260466008884867,-1.409911947655857,-0.8325065790015969,-1.2104486170986446,-0.5799189381959129,Moderate
2009,7,0.3593261802781952,-0.41858058649152774,30.5565690605088,186.66288799402673,0.21713601224157345,0.331862805582053,-0.4683890737527819,-0.7852425523414183,-0.22365105335378724,30.860672161134588,-0.06094852786229139,0.23491032600448097,-0.747672871491893,32.0,2009-07-01,-0.6200860664405538,-1.152922215568718,-0.6567301592953096,-1.4103577215667942,-1.1144555279506374,-0.9594294613672752,-1.024826887022852,-1.409911947655857,-1.210645063147377,-1.2104486170986446,Normal
2009,8,0.47766279392811894,-1.087157761470445,43.9379265004514,168.02003823629272,-0.7070260811757714,-0.5948159196301805,-0.2682965953088833,-0.8355837804593487,-0.367100451761582,31.7841315567914,1.599253955119878,0.2428368891582463,-1.2875889807473562,16.0,2009-08-01,0.21713601224157345,-0.6200860664405538,0.331862805582053,-0.6567301592953096,-0.4683890737527819,-1.1144555279506374,-0.747672871491893,-1.024826887022852,-0.41858058649152774,-1.210645063147377,Normal
2009,9,0.4395640392160692,-2.0547311124095065,11.664318193772154,14.897872651001574,-2.0838791314830565,-2.864131409856672,-0.4832142027851299,-0.9903469141353191,-0.7832252164251142,35.85567803660123,2.0102922079456205,0.18789648506909154,-1.3486616955650612,16.0,2009-09-01,-0.7070260811757714,0.21713601224157345,-0.5948159196301805,0.331862805582053,-0.2682965953088833,-0.4683890737527819,-1.2875889807473562,-0.747672871491893,-1.087157761470445,-0.41858058649152774,Normal
2009,10,0.4241663643828218,-0.8721620809449238,26.053909123707932,37.08634175444571,0.18927341860171376,0.4289430820101814,-0.9012332359270194,-0.8782665464176772,-0.8807619179956421,33.98354689650244,0.42747470963451534,0.20579578586221836,0.7818782996123599,84.0,2009-10-01,-2.0838791314830565,-0.7070260811757714,-2.864131409856672,-0.5948159196301805,-0.4832142027851299,-0.2682965953088833,-1.3486616955650612,-1.2875889807473562,-2.0547311124095065,-1.087157761470445,Normal
2009,11,0.34809813637802106,-1.4330114996268049,9.178239512679855,16.763386340423796,-0.22327556247666183,-0.07087869992245176,-0.9738915115358505,-0.49615577231109553,-1.2407620752295483,36.66888074553901,1.7126257823788145,0.17873830263650126,-0.6514121560639354,32.0,2009-11-01,0.18927341860171376,-2.0838791314830565,0.4289430820101814,-2.864131409856672,-0.9012332359270194,-0.4832142027851299,0.7818782996123599,-1.3486616955650612,-0.8721620809449238,-2.0547311124095065,Normal
2009,12,0.3744225152527737,-0.37103462573882706,29.399675351536956,16.739714934610763,0.5011547797516656,0.6996364888354536,0.333013231356512,-0.43845991114212285,-1.1895338117739795,29.78999434091191,-0.559553268964937,0.33040165055899334,2.095248562742394,100.0,2009-12-01,-0.22327556247666183,0.18927341860171376,-0.07087869992245176,0.4289430820101814,-0.9738915115358505,-0.9012332359270194,-0.6514121560639354,0.7818782996123599,-1.4330114996268049,-0.8721620809449238,Normal
2010,1,0.37414342545613566,0.015286497052582726,39.368925834564195,15.161223738525669,-0.5230089087640996,-0.4830160832175996,-0.18264631258330086,-0.9553964929923513,-1.167077336823423,31.300485063891774,0.11239346684017054,0.2626603189335704,0.027732612978272078,56.00000000000001,2010-01-01,0.5011547797516656,-0.22327556247666183,0.6996364888354536,-0.07087869992245176,0.333013231356512,-0.9738915115358505,2.095248562742394,-0.6514121560639354,-0.37103462573882706,-1.4330114996268049,Normal
2010,2,0.30569266925869926,-0.7728294114468945,22.68135500094742,16.625901543118896,-0.5047700561397603,-0.4407001674665687,-0.38787506678597244,-1.1384361006141317,-1.1391972679341298,34.30509290182304,-0.018702416707808617,0.3051895922387748,0.7749362251992647,80.0,2010-02-01,-0.5230089087640996,0.5011547797516656,-0.4830160832175996,0.6996364888354536,-0.18264631258330086,0.333013231356512,0.027732612978272078,2.095248562742394,0.015286497052582726,-0.37103462573882706,Moderate
2010,3,0.30392468113498794,-0.41155636427878406,28.83677216266544,34.90529901841873,-0.6448131836613692,-0.5374729059528602,-0.9626847364279882,-0.4924432851904379,-1.1545731704480962,37.344409105348284,0.20784168191952648,0.36132536538104504,1.2404959379141773,92.0,2010-03-01,-0.5047700561397603,-0.5230089087640996,-0.4407001674665687,-0.4830160832175996,-0.38787506678597244,-0.18264631258330086,0.7749362251992647,0.027732612978272078,-0.7728294114468945,0.015286497052582726,Normal
2010,4,0.34354685242776484,-0.3046234461134742,36.72640909170132,65.73965934626705,-0.3574514818657805,-0.21470849856477944,-0.6958925843904942,-0.6988061623732182,-1.2140206374420366,36.778323617650976,-0.012837317346143311,0.3349036659559601,0.6232219535204854,64.0,2010-04-01,-0.6448131836613692,-0.5047700561397603,-0.5374729059528602,-0.4407001674665687,-0.9626847364279882,-0.38787506678597244,1.2404959379141773,0.7749362251992647,-0.41155636427878406,-0.7728294114468945,Normal
2010,5,0.3461594090247632,-0.19920545211572155,37.19111754315388,76.1281066859543,0.6081562969235521,0.7405693935575617,-0.07465494514219934,-0.24753585231808561,-0.6454378039288055,36.91679117833976,-0.37971705791935967,0.2503111402100036,0.2504237819946361,72.0,2010-05-01,-0.3574514818657805,-0.6448131836613692,-0.21470849856477944,-0.5374729059528602,-0.6958925843904942,-0.9626847364279882,0.6232219535204854,1.2404959379141773,-0.3046234461134742,-0.41155636427878406,Normal
2010,6,0.2529451854999223,-0.91767802268455,17.869842288432636,6.908987594117726,-0.6932733829857285,-0.7969612545337457,0.11588603062136901,-0.4717920557786358,-0.6752578998628547,38.302465921261316,0.3154476517357589,0.17057117995667034,-0.860130937021575,20.0,2010-06-01,0.6081562969235521,-0.3574514818657805,0.7405693935575617,-0.21470849856477944,-0.07465494514219934,-0.6958925843904942,0.2504237819946361,0.6232219535204854,-0.19920545211572155,-0.3046234461134742,Normal
2010,7,0.3668635254545699,-0.3273157088254166,33.02540988884706,254.13153800006899,1.2427685203952388,1.126309122095686,1.422546223831276,0.6967900012470929,-0.20535625957644657,28.701725136252474,-0.6257945539833061,0.31628895885177016,1.1884764423729401,88.0,2010-07-01,-0.6932733829857285,0.6081562969235521,-0.7969612545337457,0.7405693935575617,0.11588603062136901,-0.07465494514219934,-0.860130937021575,0.2504237819946361,-0.91767802268455,-0.19920545211572155,Normal
2010,8,0.5649670249582244,0.3709489905989958,71.80627021050813,304.7704906716818,1.0771235196038542,1.0209554548628452,1.1672856231511342,1.1098836602045954,0.7726588824709876,26.162073040867856,-1.104694625393853,0.33711503829163053,0.4447574461266761,64.0,2010-08-01,1.2427685203952388,-0.6932733829857285,1.126309122095686,-0.7969612545337457,1.422546223831276,0.11588603062136901,1.1884764423729401,-0.860130937021575,-0.3273157088254166,-0.91767802268455,Normal
2010,9,0.5495970849967715,0.20649658005691898,64.33012962789738,39.32512717522425,-0.5247105675695817,-0.45279415227874376,1.1654794251274843,1.1605819693657988,0.9134190164735767,30.638474692049197,-0.3207761398377608,0.23225833550765465,0.5285845122919501,68.0,2010-09-01,1.0771235196038542,1.2427685203952388,1.0209554548628452,1.126309122095686,1.1672856231511342,1.422546223831276,0.4447574461266761,1.1884764423729401,0.3709489905989958,-0.3273157088254166,Normal
2010,10,0.4666370470959948,-0.11995716964096173,47.54278338734075,14.691746374186042,-0.714444243270423,-0.8308548185647943,0.6879862899608257,1.1461318248452197,0.7788999043549909,33.543469763096255,0.2691508563448868,0.18037169265568032,-0.4363940613306563,56.00000000000001,2010-10-01,-0.5247105675695817,1.0771235196038542,-0.45279415227874376,1.0209554548628452,1.1654794251274843,1.1672856231511342,0.5285845122919501,0.4447574461266761,0.20649658005691898,0.3709489905989958,Normal
2010,11,0.3841317451371554,-0.728870164801336,25.58342866559473,16.169237435141827,-0.2659941415378136,-0.12683259719416484,-0.9171148199098705,0.9228310732888485,0.7886783528861757,33.21805190052737,0.2768157898087483,0.2066313942838616,0.14399426640675145,76.0,2010-11-01,-0.714444243270423,-0.5247105675695817,-0.8308548185647943,-0.45279415227874376,0.6879862899608257,1.1654794251274843,-0.4363940613306563,0.5285845122919501,-0.11995716964096173,0.20649658005691898,Normal
2010,12,0.3543403183916658,-0.7971672236151968,19.454798293881133,13.0010616988254,0.017368371526133502,0.19416761679992067,-0.7225305702607508,1.019166683363057,0.7966600796556341,31.01892296659961,0.0022850445329771207,0.2745480389228829,1.0147086459029697,80.0,2010-12-01,-0.2659941415378136,-0.714444243270423,-0.12683259719416484,-0.8308548185647943,-0.9171148199098705,0.6879862899608257,0.14399426640675145,-0.4363940613306563,-0.728870164801336,-0.11995716964096173,Normal
2011,1,0.3294234770263195,-0.9028419057437485,17.126249180595924,19.775979493700994,-0.08729292566959483,0.05694861546252498,-0.16637152989174064,0.6655781532539522,0.8666673857594819,30.213596308956284,-0.2974317744898151,0.33083624803245487,0.9910015261710786,80.0,2011-01-01,0.017368371526133502,-0.2659941415378136,0.19416761679992067,-0.12683259719416484,-0.7225305702607508,-0.9171148199098705,1.0147086459029697,0.14399426640675145,-0.7971672236151968,-0.728870164801336,Normal
2011,2,0.32576162720505797,-0.3211217402827723,35.529072543497485,10.610350075817717,-0.875461156952335,-1.067100328526139,-0.6626068369328564,-1.2608069466038803,0.8093124107744335,36.60705572228724,0.8391280559722589,0.22948980198901175,-0.47545553893172066,32.0,2011-02-01,-0.08729292566959483,0.017368371526133502,0.05694861546252498,0.19416761679992067,-0.16637152989174064,-0.7225305702607508,0.9910015261710786,1.0147086459029697,-0.9028419057437485,-0.7971672236151968,Moderate
2011,3,0.3096791731544357,-0.2877469765361109,31.657441907621834,41.51528057838704,-0.434522586845926,-0.2730170646964547,-0.7757154943972883,-1.0236141356074828,0.8388599319043508,36.276991865194056,-0.11054132641254916,0.32255868963996676,0.6037195884539225,76.0,2011-03-01,-0.875461156952335,-0.08729292566959483,-1.067100328526139,0.05694861546252498,-0.6626068369328564,-0.16637152989174064,-0.47545553893172066,0.9910015261710786,-0.3211217402827723,-0.9028419057437485,Moderate
2011,4,0.2916329301570536,-1.1294724215483447,19.118814010498298,61.91328120541327,-0.46209827963909406,-0.33303853987230614,-0.7670164076273286,-0.7549777877115664,0.8184543442009526,38.545396248773436,0.4493011209718208,0.24059975465424577,-0.8146125999940137,28.000000000000004,2011-04-01,-0.434522586845926,-0.875461156952335,-0.2730170646964547,-1.067100328526139,-0.7757154943972883,-0.6626068369328564,0.6037195884539225,-0.47545553893172066,-0.2877469765361109,-0.3211217402827723,Normal
2011,5,0.3554850990525965,-0.05514095100489749,40.40804397370283,98.77680726654175,1.2581926431919594,1.2008263904234704,0.31388496952744555,0.06100747227130066,0.9164875817311302,36.23628709024287,-0.5835961958480863,0.21632718035834883,-0.44802309164401805,36.0,2011-05-01,-0.46209827963909406,-0.434522586845926,-0.33303853987230614,-0.2730170646964547,-0.7670164076273286,-0.7757154943972883,-0.8146125999940137,0.6037195884539225,-1.1294724215483447,-0.2877469765361109,Normal
2011,6,0.30169595195164534,0.05573949997722796,39.08761570917662,8.207885248565297,-0.5864684284137527,-0.596105304638447,0.47057784285623466,-0.05466101046991287,0.942734041820895,36.145402409512144,-0.40353105960441704,0.17326947007930987,-0.6937173892404155,32.0,2011-06-01,1.2581926431919594,-0.46209827963909406,1.2008263904234704,-0.33303853987230614,0.31388496952744555,-0.7670164076273286,-0.44802309164401805,-0.8146125999940137,-0.05514095100489749,-1.1294724215483447,Normal
2011,7,0.43880171710416965,0.5437377067725452,56.58860628033547,144.52613820540296,-0.4234106767358891,-0.2667655589211013,0.22518513449644773,-0.3920893960780271,0.20625724162252296,32.389851833413175,0.3391312569387084,0.2593748181044791,-0.1656170180549199,44.0,2011-07-01,-0.5864684284137527,1.2581926431919594,-0.596105304638447,1.2008263904234704,0.47057784285623466,0.31388496952744555,-0.6937173892404155,-0.44802309164401805,0.05573949997722796,-0.05514095100489749,Normal
2011,8,0.5226271018096107,-0.3361888777112595,58.290962681414044,189.3619766889968,-0.42858304649370477,-0.2953866979742349,-0.4397316920907837,-0.36588618615590274,-0.6912944306381474,28.324219468989398,-0.06480278708884155,0.3197460785559469,0.12560549402311222,60.0,2011-08-01,-0.4234106767358891,-0.5864684284137527,-0.2667655589211013,-0.596105304638447,0.22518513449644773,0.47057784285623466,-0.1656170180549199,-0.6937173892404155,0.5437377067725452,0.05573949997722796,Normal
2011,9,0.5016619324208706,-0.7785919783681361,41.38662489514764,33.901804247751194,-0.8708761430779604,-0.8686590614700659,-0.4985361622880897,-0.3503114535213975,-0.7160311149440841,33.15982529775667,0.8057738913713048,0.22547876031046302,0.24169540140071225,60.0,2011-09-01,-0.42858304649370477,-0.4234106767358891,-0.2953866979742349,-0.2667655589211013,-0.4397316920907837,0.22518513449644773,0.12560549402311222,-0.1656170180549199,-0.3361888777112595,0.5437377067725452,Normal
2011,10,0.4473913758382465,-0.46082026664339276,37.80505883579522,10.970438984342302,-0.8646149052695903,-1.1611658901554913,-0.7114416645826187,-0.3906350842992997,-0.7766736662352349,35.142674689635875,0.8444870120997,0.16914233756927752,-0.9744825910510144,8.0,2011-10-01,-0.8708761430779604,-0.42858304649370477,-0.8686590614700659,-0.2953866979742349,-0.4985361622880897,-0.4397316920907837,0.24169540140071225,0.12560549402311222,-0.7785919783681361,-0.3361888777112595,Normal
2011,11,0.41445855999893694,-0.13624664933491748,39.390459139244925,56.79352422181367,2.6548423549558713,2.297866226367174,0.16503541655686374,-0.3976665864099038,-0.469358907237009,30.910767150785034,-0.6831919788099219,0.22363811118434765,0.6289620863532195,84.0,2011-11-01,-0.8646149052695903,-0.8708761430779604,-1.1611658901554913,-0.8686590614700659,-0.7114416645826187,-0.4985361622880897,-0.9744825910510144,0.24169540140071225,-0.46082026664339276,-0.7785919783681361,Normal
2011,12,0.4376192283015896,0.9699630596734476,60.69523260879981,6.239435780668944,-0.8575944855258959,-1.059373587619717,0.4471007663855598,-0.4251156229747669,-0.5335898106790576,31.6209804534921,0.2775320816627208,0.24269995853118076,0.3985779941888318,72.0,2011-12-01,2.6548423549558713,-0.8646149052695903,2.297866226367174,-1.1611658901554913,0.16503541655686374,-0.7114416645826187,0.6289620863532195,-0.9744825910510144,-0.13624664933491748,-0.46082026664339276,Normal
2012,1,0.37893121977783895,0.11358289738053873,41.750264917512425,10.288881553951088,-0.9830456859096506,-1.1944687650306651,1.0540110325892516,-0.4542021793701367,-0.5809232906336059,32.51757654215104,0.571313302502539,0.18335212830594394,-1.0928258539603422,24.0,2012-01-01,-0.8575944855258959,2.6548423549558713,-1.059373587619717,2.297866226367174,0.4471007663855598,0.16503541655686374,0.3985779941888318,0.6289620863532195,0.9699630596734476,-0.13624664933491748,Normal
2012,2,0.299289919715353,-0.9169410834630716,18.58245171715586,9.87084804937044,-0.9210308477324647,-1.1604447076143483,-1.7737222078377723,-0.7960664267486265,-0.5816535393415058,36.14330077509031,0.6663089634895043,0.16886277718198947,-1.4768788223034062,8.0,2012-02-01,-0.9830456859096506,-0.8575944855258959,-1.1944687650306651,-1.059373587619717,1.0540110325892516,0.4471007663855598,-1.0928258539603422,0.3985779941888318,0.11358289738053873,0.9699630596734476,Normal
2012,3,0.2616363383372958,-1.3214010235015368,8.10836578193319,69.4289945249222,0.453527025985457,0.6041265550358571,-0.20268707052911816,0.085259337416081,-0.3273819182165541,36.715354406794134,0.02021090381614904,0.22805663383335145,-0.9485588301276544,24.0,2012-03-01,-0.9210308477324647,-0.9830456859096506,-1.1604447076143483,-1.1944687650306651,-1.7737222078377723,1.0540110325892516,-1.4768788223034062,-1.0928258539603422,-0.9169410834630716,0.11358289738053873,Normal
2012,4,0.3815204560827514,0.2987308507368148,49.60587971702756,121.36877789502104,1.163937388963441,1.141071209491649,0.804895688065339,1.0134746515297597,0.11079707177224328,35.039238627930295,-0.4676562122215697,0.3495209808863059,0.8460894909995219,80.0,2012-04-01,0.453527025985457,-0.9210308477324647,0.6041265550358571,-1.1604447076143483,-0.20268707052911816,-1.7737222078377723,-0.9485588301276544,-1.4768788223034062,-1.3214010235015368,-0.9169410834630716,Normal
2012,5,0.34833094592590463,-0.1656592609627904,37.94019610263256,29.95183254207901,-0.7171407735185552,-0.6114715240741492,0.5771526829292899,0.083951188778897,-0.38579049465398674,36.89966962231193,-0.3848466789517819,0.21103742040711715,-0.5567395660149947,28.000000000000004,2012-05-01,1.163937388963441,0.453527025985457,1.141071209491649,0.6041265550358571,0.804895688065339,-0.20268707052911816,0.8460894909995219,-0.9485588301276544,0.2987308507368148,-1.3214010235015368,Normal
2012,6,0.2849683497024437,-0.27826429784232265,31.80726915816679,22.7218072361679,0.6069733899151826,0.8396833559129837,0.5567251850532913,0.29683351161472726,-0.2920460842422303,36.10542922398561,-0.41685466795507153,0.1808994735880747,-0.2231468072178398,60.0,2012-06-01,-0.7171407735185552,1.163937388963441,-0.6114715240741492,1.141071209491649,0.5771526829292899,0.804895688065339,-0.5567395660149947,0.8460894909995219,-0.1656592609627904,0.2987308507368148,Normal
2012,7,0.4056289700811787,0.14207019280600325,45.72294598190555,244.0833112486886,1.090019236029951,1.017520653926728,0.8861313616759929,1.1729929500032816,0.4571991130066729,30.079406514965207,-0.26535131797138967,0.2761350446176191,0.23314000118045775,60.0,2012-07-01,0.6069733899151826,-0.7171407735185552,0.8396833559129837,-0.6114715240741492,0.5567251850532913,0.5771526829292899,-0.2231468072178398,-0.5567395660149947,-0.27826429784232265,-0.1656592609627904,Normal
2012,8,0.5401234784832427,-0.04397411717146503,63.8759730877626,221.65504335841737,-0.007263328861191598,0.11707166987012316,0.6691128263979335,0.8815073511732563,0.621189874287351,27.144971276928406,-0.631966303079551,0.2969943883596605,-0.2924532988061699,40.0,2012-08-01,1.090019236029951,0.6069733899151826,1.017520653926728,0.8396833559129837,0.8861313616759929,0.5567251850532913,0.23314000118045775,-0.2231468072178398,0.14207019280600325,-0.27826429784232265,Normal
2012,9,0.4924811392440186,-0.9672613333151898,36.99236389076313,35.331258855341225,-0.779635406814065,-0.7548813747909094,0.527366206962396,0.6801219960974817,0.6177221363544517,33.06961344103096,0.7654668552218205,0.1922939641138792,-1.1625749841373922,20.0,2012-09-01,-0.007263328861191598,1.090019236029951,0.11707166987012316,1.017520653926728,0.6691128263979335,0.8861313616759929,-0.2924532988061699,0.23314000118045775,-0.04397411717146503,0.14207019280600325,Normal
2012,10,0.4152559798136063,-1.029975297177778,21.545525424260205,28.883327608369758,-0.1417532705846602,0.05156104923931482,-0.08215154589091052,0.36328568562346975,0.7437039603793282,34.37945378556638,0.5699077048127945,0.17692218250579486,-0.6016877786034183,36.0,2012-10-01,-0.779635406814065,-0.007263328861191598,-0.7548813747909094,0.11707166987012316,0.527366206962396,0.6691128263979335,-1.1625749841373922,-0.2924532988061699,-0.9672613333151898,-0.04397411717146503,Normal
2012,11,0.38248416983881883,-0.7610658262892266,24.83332937374876,14.225019600903211,-0.40578102412848005,-0.32035179425621424,-0.605885133148632,0.4833293300823026,0.46100469550698386,34.41374753138915,0.7743170603644943,0.18240749162585915,-0.546780639260735,36.0,2012-11-01,-0.1417532705846602,-0.779635406814065,0.05156104923931482,-0.7548813747909094,-0.08215154589091052,0.527366206962396,-0.6016877786034183,-1.1625749841373922,-1.029975297177778,-0.9672613333151898,Normal
2012,12,0.34568818343376917,-0.9807605213149004,15.170186453970052,7.733018353497209,-0.6643230311474727,-0.7218975547755306,-0.4121251666342013,0.41257205149276244,0.49501245236679825,33.46187605465332,1.119147825867042,0.19844735629122517,-0.45752963687750525,44.0,2012-12-01,-0.40578102412848005,-0.1417532705846602,-0.32035179425621424,0.05156104923931482,-0.605885133148632,-0.08215154589091052,-0.546780639260735,-0.6016877786034183,-0.7610658262892266,-1.029975297177778,Normal
2013,1,0.32765592980768726,-0.939130751363882,16.247111734443465,22.83727639206104,0.20174858776634833,0.369668548071499,-0.4126846727855603,-0.17640950650415027,0.6225376258349391,31.36223002005021,0.13567518858366356,0.2559445382567701,-0.0671557565575457,52.0,2013-01-01,-0.6643230311474727,-0.40578102412848005,-0.7218975547755306,-0.32035179425621424,-0.4121251666342013,-0.605885133148632,-0.45752963687750525,-0.546780639260735,-0.9807605213149004,-0.7610658262892266,Normal
2013,2,0.31204341625941706,-0.6298882011700915,26.746967369437307,11.386171407006906,-0.8276533932160167,-0.9740575625304445,-0.7430286459329777,-1.0372571762725367,0.6215203095539967,36.58076549580039,0.8293309570731842,0.24331759949356765,-0.2470511528862545,44.0,2013-02-01,0.20174858776634833,-0.6643230311474727,0.369668548071499,-0.7218975547755306,-0.4126846727855603,-0.4121251666342013,-0.0671557565575457,-0.45752963687750525,-0.939130751363882,-0.9807605213149004,Moderate
2013,3,0.3029968165247361,-0.4315196119321189,28.38196231590432,23.71194384372288,-1.0009196748367097,-1.079535692468084,-1.3011831111714534,-1.2105603313518565,0.2928493040730675,35.88845449084391,-0.22643199544200004,0.28606262021051004,0.004239921531853692,44.0,2013-03-01,-0.8276533932160167,0.20174858776634833,-0.9740575625304445,0.369668548071499,-0.7430286459329777,-0.4126846727855603,-0.2470511528862545,-0.0671557565575457,-0.6298882011700915,-0.939130751363882,Moderate
2013,4,0.33017502816011934,-0.5170854421334755,32.19110031703493,92.29563201555356,0.36882213754612414,0.5004517774113802,-0.4814400891509441,-0.5819331624707428,0.07414361808098746,38.27399405643135,0.378321930237951,0.32545339423663916,0.4791353824485014,60.0,2013-04-01,-1.0009196748367097,-0.8276533932160167,-1.079535692468084,-0.9740575625304445,-1.3011831111714534,-0.7430286459329777,0.004239921531853692,-0.2470511528862545,-0.4315196119321189,-0.6298882011700915,Normal
2013,5,0.2863023331361295,-1.123885529419587,16.543228871449948,20.286756159541753,-0.9945364199378711,-1.0708397800543934,-0.7795385634709784,-1.0431835281465864,0.006748847740818657,38.71868025371903,0.16012920863122726,0.23038037796538313,-0.15919824674350885,56.00000000000001,2013-05-01,0.36882213754612414,-1.0009196748367097,0.5004517774113802,-1.079535692468084,-0.4814400891509441,-1.3011831111714534,0.4791353824485014,0.004239921531853692,-0.5170854421334755,-0.4315196119321189,Moderate
2013,6,0.2501744035990877,-0.9730028483243155,16.66391616974432,12.804597163862326,-0.20849283841042474,-0.026831588524912752,-0.33932046172232005,-1.0519921554063834,-0.07121996202998342,38.76159202440327,0.46848064876233286,0.20560741736891355,1.3006836172602483,88.0,2013-06-01,-0.9945364199378711,0.36882213754612414,-1.0708397800543934,0.5004517774113802,-0.7795385634709784,-0.4814400891509441,-0.15919824674350885,0.4791353824485014,-1.123885529419587,-0.5170854421334755,Moderate
2013,7,0.40004046690061534,0.07440259271924327,43.89244406131961,209.98095059971675,0.5716082453960272,0.6250006557327406,0.09336827849036718,-0.3275023421354805,-0.3916692287390528,29.56403500398641,-0.40018813730846975,0.3035640297569112,0.8857266679668871,80.0,2013-07-01,-0.20849283841042474,-0.9945364199378711,-0.026831588524912752,-1.0708397800543934,-0.33932046172232005,-0.7795385634709784,1.3006836172602483,-0.15919824674350885,-0.9730028483243155,-1.123885529419587,Normal
2013,8,0.5382491587715466,-0.07527796344460387,63.27767234870597,217.31983998573588,-0.06382366360906079,0.06415070280355144,0.33079256129466056,-0.10508770018648737,-0.3878926325207429,28.82139000228858,0.1743131086244462,0.3736273259227966,1.1156650911776944,88.0,2013-08-01,0.5716082453960272,-0.20849283841042474,0.6250006557327406,-0.026831588524912752,0.09336827849036718,-0.33932046172232005,0.8857266679668871,1.3006836172602483,0.07440259271924327,-0.9730028483243155,Normal
2013,9,0.5170767815304731,-0.4618100204162151,48.76473145151627,27.874028505088678,-1.2556233703588644,-1.38854838962152,0.19729744782745018,-0.0062825753121502044,-0.4333357638990905,32.314490821841666,0.4280749001764924,0.22444227031645192,0.1978345864999961,48.0,2013-09-01,-0.06382366360906079,0.5716082453960272,0.06415070280355144,0.6250006557327406,0.33079256129466056,0.09336827849036718,1.1156650911776944,0.8857266679668871,-0.07527796344460387,0.07440259271924327,Normal
2013,10,0.4620953192041247,-0.20039642344676958,45.24480715118858,57.84950845141075,1.0271559586445107,1.1857801119064058,0.11004296760261209,0.0897650784774629,-0.23566065496697897,33.14933877008998,0.12735676440776722,0.20321005651678217,0.6579752534414113,80.0,2013-10-01,-1.2556233703588644,-0.06382366360906079,-1.38854838962152,0.06415070280355144,0.19729744782745018,0.33079256129466056,0.1978345864999961,1.1156650911776944,-0.4618100204162151,-0.07527796344460387,Normal
2013,11,0.37743166086151514,-0.8597981081230424,22.533050042207854,14.293045401880518,-0.4008900523006886,-0.31328457445941454,0.11445555530820953,0.30350351508074774,-0.24339610967889522,34.19527467270148,0.683415561710758,0.18578018710552313,-0.450604006011245,40.0,2013-11-01,1.0271559586445107,-1.2556233703588644,1.1857801119064058,-1.38854838962152,0.11004296760261209,0.19729744782745018,0.6579752534414113,0.1978345864999961,-0.20039642344676958,-0.4618100204162151,Normal
2013,12,0.32428988937209524,-1.4348199402962423,4.573566713674699,6.990525359627511,-0.7604025539014426,-0.8833157645908539,0.6121733528013603,0.286660881158259,-0.25037148204422227,32.84221701605364,0.8358537582430916,0.17654659201817002,-0.8812202329396439,24.0,2013-12-01,-0.4008900523006886,1.0271559586445107,-0.31328457445941454,1.1857801119064058,0.11445555530820953,0.11004296760261209,-0.450604006011245,0.6579752534414113,-0.8597981081230424,-0.20039642344676958,Normal
2014,1,0.3043163417100273,-1.418307036096393,4.638535930564997,17.158716786433757,-0.3344096213331995,-0.23727356210962663,-0.8216285884743275,-0.050802772638434766,-0.2631999152560436,33.011407246306355,0.7575184560544501,0.23527051780546304,-0.3592623911817926,40.0,2014-01-01,-0.7604025539014426,-0.4008900523006886,-0.8833157645908539,-0.31328457445941454,0.6121733528013603,0.11445555530820953,-0.8812202329396439,-0.450604006011245,-1.4348199402962423,-0.8597981081230424,Normal
2014,2,0.2883977193914564,-1.1621003216911396,11.60949808636276,20.698103317909446,-0.2538323047410071,-0.10257894251066066,-0.5824036432654919,-0.3000385914363268,-0.1890290632135683,34.14268014546956,-0.07922581452875221,0.3159723881539956,0.9530439737440439,84.0,2014-02-01,-0.3344096213331995,-0.7604025539014426,-0.23727356210962663,-0.8833157645908539,-0.8216285884743275,0.6121733528013603,-0.3592623911817926,-0.8812202329396439,-1.418307036096393,-1.4348199402962423,Normal
2014,3,0.3225642581544037,-0.010521032097070608,37.973302507961805,81.23982258944686,0.8292778597873872,0.9040547081364092,0.6031995870152789,0.7579945502431357,0.2563351555783501,38.36438612180251,0.5120744961481511,0.2954772925340053,0.15888409875149803,52.0,2014-03-01,-0.2538323047410071,-0.3344096213331995,-0.10257894251066066,-0.23727356210962663,-0.5824036432654919,-0.8216285884743275,0.9530439737440439,-0.3592623911817926,-1.1621003216911396,-1.418307036096393,Normal
2014,4,0.3387591627008597,-0.3806940027811947,35.10257297224591,61.44042942826562,-0.47503020180632693,-0.3480034841702701,0.19865070638335824,-0.06410214798754393,0.022624103902492754,39.84290970383925,0.7886368286613076,0.2538856563097281,-0.6120448781343085,32.0,2014-04-01,0.8292778597873872,-0.2538323047410071,0.9040547081364092,-0.10257894251066066,0.6031995870152789,-0.5824036432654919,0.15888409875149803,0.9530439737440439,-0.010521032097070608,-1.1621003216911396,Normal
2014,5,0.4145703468180215,0.8576158226955354,60.78968807991289,82.43416387892975,0.789145328170441,0.8766895334481151,0.6369805482552212,0.4098180933714746,0.45236047046709066,34.855895733131234,-0.9971616759310165,0.22791672167336724,-0.20983192929227493,52.0,2014-05-01,-0.47503020180632693,0.8292778597873872,-0.3480034841702701,0.9040547081364092,0.19865070638335824,0.6031995870152789,-0.6120448781343085,0.15888409875149803,-0.3806940027811947,-0.010521032097070608,Normal
2014,6,0.3234523762084144,0.49015491830659824,48.55665412486675,10.768104136155632,-0.37594833004642,-0.25792402441491324,0.2224182173539535,0.44599590011280926,0.4441607838405943,37.903074380156845,0.18232499958417406,0.17143166218653122,-0.8070618102170362,24.0,2014-06-01,0.789145328170441,-0.47503020180632693,0.8766895334481151,-0.3480034841702701,0.6369805482552212,0.19865070638335824,-0.20983192929227493,-0.6120448781343085,0.8576158226955354,-0.3806940027811947,Normal
2014,7,0.3292150361711774,-0.7831771147130739,20.693730060857394,166.17622047130232,-0.0942944401709224,0.053563845199158425,0.34546135368132036,0.32642893909133747,0.1334341024033513,33.88485097476686,0.7302683780980703,0.21692624572618077,-1.17554765229169,12.0,2014-07-01,-0.37594833004642,0.789145328170441,-0.25792402441491324,0.8766895334481151,0.2224182173539535,0.6369805482552212,-0.8070618102170362,-0.20983192929227493,0.49015491830659824,0.8576158226955354,Normal
2014,8,0.5227936940047493,-0.3334065474426401,58.34414049993161,207.009244080753,-0.19834347864489543,-0.06461384111878762,-0.09461849447465868,0.1505484727929691,0.03755146235403481,29.17316430176438,0.34350018041225255,0.2897442108554059,-0.42567419048838134,36.0,2014-08-01,-0.0942944401709224,-0.37594833004642,0.053563845199158425,-0.25792402441491324,0.34546135368132036,0.2224182173539535,-1.17554765229169,-0.8070618102170362,-0.7831771147130739,0.49015491830659824,Normal
2014,9,0.6193694392366613,1.6403492781841407,97.72571206989028,56.10620352061127,0.5464096715229472,0.6289868775515506,0.0012960405058932147,0.019432541863089015,0.2357749070856227,28.227968583422324,-1.3978003846041034,0.24632910909876693,1.1240129289246463,84.0,2014-09-01,-0.19834347864489543,-0.0942944401709224,-0.06461384111878762,0.053563845199158425,-0.09461849447465868,0.34546135368132036,-0.42567419048838134,-1.17554765229169,-0.3334065474426401,-0.7831771147130739,Normal
2014,10,0.5703136648396644,1.7162756401976016,100.0,46.14026695005837,0.5546380063341948,0.7859708632347829,0.17777346457917895,0.2598465203151294,0.1472255739014626,29.973663605540434,-1.0151364275382,0.24533360524961023,2.6764525595599924,100.0,2014-10-01,0.5464096715229472,-0.19834347864489543,0.6289868775515506,-0.06461384111878762,0.0012960405058932147,-0.09461849447465868,1.1240129289246463,-0.42567419048838134,1.6403492781841407,-0.3334065474426401,Normal
2014,11,0.4915533114797216,1.370280259434839,74.48974628512724,15.805702833852735,-0.29213183441004464,-0.16176027990626163,0.6403253576877824,0.037021769841085704,0.1583808374812576,30.357881645757352,-0.9132348376475699,0.19705629208959563,-0.12905175794290377,60.0,2014-11-01,0.5546380063341948,0.5464096715229472,0.7859708632347829,0.6289868775515506,0.17777346457917895,0.0012960405058932147,2.6764525595599924,1.1240129289246463,1.7162756401976016,1.6403492781841407,Normal
2014,12,0.44958179029064105,1.2238017035682254,66.61919646088705,12.324503287916794,-0.07017913366512848,0.0926989435850829,0.45587795982508256,0.05996306472343678,0.2113854837143594,30.188862800025614,-0.37719964997380145,0.22115554010026245,-0.018218761075021312,60.0,2014-12-01,-0.29213183441004464,0.5546380063341948,-0.16176027990626163,0.7859708632347829,0.6403253576877824,0.17777346457917895,-0.12905175794290377,2.6764525595599924,1.370280259434839,1.7162756401976016,Normal
2015,1,0.38848174853272466,0.3096612029122452,46.500478869631294,17.59795889349698,-0.29293726252397745,-0.18587625234560332,-0.35602887849367537,0.1022083912802634,0.24940811574524582,30.644527219908042,-0.13494378869053447,0.21963016729866777,-0.5802474754156025,28.000000000000004,2015-01-01,-0.07017913366512848,-0.29213183441004464,0.0926989435850829,-0.16176027990626163,0.45587795982508256,0.6403253576877824,-0.018218761075021312,-0.12905175794290377,1.2238017035682254,1.370280259434839,Normal
2015,2,0.3473030536416893,0.16372792631436628,49.31943291303901,20.10434331652784,-0.2904210613541012,-0.1488655951903248,-0.31144828896318255,0.3254855015986284,0.2384586276006319,36.034024831042004,0.6255870917450193,0.17740653524405714,-1.3357549872136445,12.0,2015-02-01,-0.29293726252397745,-0.07017913366512848,-0.18587625234560332,0.0926989435850829,-0.35602887849367537,0.45587795982508256,-0.5802474754156025,-0.018218761075021312,0.3096612029122452,1.2238017035682254,Normal
2015,3,0.3060483820738318,-0.36586438797606535,29.877743105936823,39.762483955930826,-0.49028622922349685,-0.340141065675183,-0.5860361554699637,-0.1667133673493083,-0.05912724574302708,38.26532272315394,0.48252644156288604,0.2334858003327747,-0.859380050724309,28.000000000000004,2015-03-01,-0.2904210613541012,-0.29293726252397745,-0.1488655951903248,-0.18587625234560332,-0.31144828896318255,-0.35602887849367537,-1.3357549872136445,-0.5802474754156025,0.16372792631436628,0.3096612029122452,Normal
2015,4,0.2884403802098856,-1.1801981505582657,18.035999915791276,29.9623861188515,-1.335916478917679,-1.6052829464065086,-1.34984891368851,-1.3139667384909441,-0.31262334557672933,41.495210488545354,1.2207592501322286,0.17908553448329348,-1.7525087070952035,4.0,2015-04-01,-0.49028622922349685,-0.2904210613541012,-0.340141065675183,-0.1488655951903248,-0.5860361554699637,-0.31144828896318255,-0.859380050724309,-1.3357549872136445,-0.36586438797606535,0.16372792631436628,Moderate
2015,5,0.32388894412728386,-0.5432425587947779,29.50884985727844,78.08297454027121,0.664262613174953,0.7835221343952581,-0.5660034204304603,-0.6964888686488754,-0.3197785351931673,40.00150939132216,0.5444650315295332,0.23737203554901998,-0.015503945015296356,68.0,2015-05-01,-1.335916478917679,-0.49028622922349685,-1.6052829464065086,-0.340141065675183,-1.34984891368851,-0.5860361554699637,-1.7525087070952035,-0.859380050724309,-1.1801981505582657,-0.36586438797606535,Normal
2015,6,0.26953312777522154,-0.5864628469873956,25.089404693922585,8.530034085867367,-0.5599789726697618,-0.5498181241679326,-0.5256857001956386,-0.8513663033698383,-0.3510251027895571,37.83748674515508,0.16046374559857507,0.20404808867511018,1.2045140401211754,80.0,2015-06-01,0.664262613174953,-1.335916478917679,0.7835221343952581,-1.6052829464065086,-0.5660034204304603,-1.34984891368851,-0.015503945015296356,-1.7525087070952035,-0.5432425587947779,-1.1801981505582657,Normal
2015,7,0.27858702923903067,-1.3961991736767854,4.110637785442271,36.387591848222115,-2.0672913312098418,-2.8042070077773857,-2.256637267015203,-2.7893309171327956,-1.6158551517699664,37.68174379812997,1.7236507066900186,0.21216710522691745,-1.2887764728043947,8.0,2015-07-01,-0.5599789726697618,0.664262613174953,-0.5498181241679326,0.7835221343952581,-0.5256857001956386,-0.5660034204304603,1.2045140401211754,-0.015503945015296356,-0.5864628469873956,-0.5432425587947779,Severe
2015,8,0.3969969126580789,-2.434394484750421,18.188607385173807,160.3259537906179,-0.8074089131711631,-0.7091148478687399,-1.8248713142816329,-2.188601332794791,-1.8653165223005568,31.700705219878817,1.559129768465945,0.2216728445735856,-1.6764750307117908,4.0,2015-08-01,-2.0672913312098418,-0.5599789726697618,-2.8042070077773857,-0.5498181241679326,-2.256637267015203,-0.5256857001956386,-1.2887764728043947,1.2045140401211754,-1.3961991736767854,-0.5864628469873956,Severe
2015,9,0.4450480338158336,-1.942032601100112,14.289157154174775,41.42393754824116,-0.39074548557567657,-0.30233756798573685,-1.7789580386816415,-2.026404485395251,-1.9555641233446734,35.028230391176535,1.6405851276740493,0.2050829788649948,-0.6213863455568603,32.0,2015-09-01,-0.8074089131711631,-2.0672913312098418,-0.7091148478687399,-2.8042070077773857,-1.8248713142816329,-2.256637267015203,-1.6764750307117908,-1.2887764728043947,-2.434394484750421,-1.3961991736767854,Severe
2015,10,0.3903005399791846,-1.4719649994384436,8.918831560702179,13.912891417005953,-0.7458743704456947,-0.8945145566789904,-0.960804319296709,-1.7607793987786466,-2.334099383377869,37.784851287809005,1.7950466943460202,0.16881620942846295,-0.9901100078030086,4.0,2015-10-01,-0.39074548557567657,-0.8074089131711631,-0.30233756798573685,-0.7091148478687399,-1.7789580386816415,-1.8248713142816329,-0.6213863455568603,-1.6764750307117908,-1.942032601100112,-2.434394484750421,Severe
2015,11,0.39513401131781395,-0.5138722597527565,30.592481714123146,32.31314782051385,0.894733255286009,1.074052849481247,-0.2838605048131887,-1.742069228593905,-2.221757683920801,33.07770252785895,0.2184196650575727,0.19504706025883636,-0.18634751857866316,48.0,2015-11-01,-0.7458743704456947,-0.39074548557567657,-0.8945145566789904,-0.30233756798573685,-0.960804319296709,-1.7789580386816415,-0.9901100078030086,-0.6213863455568603,-1.4719649994384436,-1.942032601100112,Severe
2015,12,0.37534117766664177,-0.3515411408526626,29.85460490065918,19.005422337136768,0.794340153529129,0.9706373423318706,0.14633974396206542,-1.7103046000909714,-2.222203123406773,30.733963484942066,-0.12799197175844684,0.3016041928414602,1.5381350358675714,92.0,2015-12-01,0.894733255286009,-0.7458743704456947,1.074052849481247,-0.8945145566789904,-0.2838605048131887,-0.960804319296709,-0.18634751857866316,-0.9901100078030086,-0.5138722597527565,-1.4719649994384436,Severe
2016,1,0.43016285680408844,1.1654003239898831,67.2317061275067,18.485978422285488,-0.20909223961907542,-0.08455628934714922,0.89639939617934,-0.7332237013150787,-2.189142318432584,29.83844734213053,-0.438886468142602,0.41111380785352086,2.1252563698483615,100.0,2016-01-01,0.794340153529129,0.894733255286009,0.9706373423318706,1.074052849481247,0.14633974396206542,-0.2838605048131887,1.5381350358675714,-0.18634751857866316,-0.3515411408526626,-0.5138722597527565,Normal
2016,2,0.37688807676826414,0.8296210899535154,68.25913180702223,16.746225186746557,-0.49735545680459287,-0.42993673274888866,-0.10485258588104115,-0.38498180730403575,-2.1947719470812777,32.79716867108624,-0.5806330196346728,0.2863236328532892,0.46331263733714817,72.0,2016-02-01,-0.20909223961907542,0.794340153529129,-0.08455628934714922,0.9706373423318706,0.89639939617934,0.14633974396206542,2.1252563698483615,1.5381350358675714,1.1654003239898831,-0.3515411408526626,Normal
2016,3,0.32815170246363334,0.10969428085046279,40.71209075571839,34.1048090119733,-0.6702800506522983,-0.5717891016971594,-0.8665560209732641,-0.5561469631359653,-2.15469849208666,37.3123000791201,0.19826438826098938,0.2584863507910534,-0.44872427611914734,32.0,2016-03-01,-0.49735545680459287,-0.20909223961907542,-0.42993673274888866,-0.08455628934714922,-0.10485258588104115,0.89639939617934,0.46331263733714817,2.1252563698483615,0.8296210899535154,1.1654003239898831,Normal
2016,4,0.42720822428866057,1.0246538237311216,65.1017561129316,95.21193007344826,0.44857934968698115,0.5701954810789123,-0.11447733919687834,0.16361569623154057,-1.5786893442758907,32.625299397712936,-1.098968183443997,0.42499083839679674,1.996764657909877,100.0,2016-04-01,-0.6702800506522983,-0.49735545680459287,-0.5717891016971594,-0.42993673274888866,-0.8665560209732641,-0.10485258588104115,-0.44872427611914734,0.46331263733714817,0.10969428085046279,0.8296210899535154,Normal
2016,5,0.4203937205490103,0.9475760753774168,62.798479366592076,75.98811909274175,0.6041385377902629,0.7374662415879122,0.35896780509977455,0.2633519109144577,-1.492495692869109,35.74610096914776,-0.7304560392224125,0.3232671261082687,1.749833517831756,92.0,2016-05-01,0.44857934968698115,-0.6702800506522983,0.5701954810789123,-0.5717891016971594,-0.11447733919687834,-0.8665560209732641,1.996764657909877,-0.44872427611914734,1.0246538237311216,0.10969428085046279,Normal
2016,6,0.3258926404262372,0.5388802230032044,49.618729186020666,19.38674488586545,0.3327399415760562,0.5826635770426525,0.8229194587958548,0.241175687055773,-1.4417384608168202,37.293815485448576,-0.020749306111479515,0.17955042601190377,-0.30634756883815384,48.0,2016-06-01,0.6041385377902629,0.44857934968698115,0.7374662415879122,0.5701954810789123,0.35896780509977455,-0.11447733919687834,1.749833517831756,1.996764657909877,0.9475760753774168,1.0246538237311216,Normal
2016,7,0.4117504858760941,0.21619170072171695,47.72803501155164,233.72865830195914,0.9326117783164236,0.9023361135502388,1.3189793825323635,0.929939279784746,0.10420637178147177,33.127479881894985,0.5321171278926762,0.30748626066532764,0.9790438498418941,84.0,2016-07-01,0.3327399415760562,0.6041385377902629,0.5826635770426525,0.7374662415879122,0.8229194587958548,0.35896780509977455,-0.30634756883815384,1.749833517831756,0.5388802230032044,0.9475760753774168,Normal
2016,8,0.541979612861597,-0.012973992230288361,64.46846889486952,263.800106503837,0.5425929695759876,0.5989456349544643,0.8579959068711859,0.9713590782146015,0.8008653352448997,29.142020098709832,0.32852126772358736,0.3547211271567837,0.7682666093541362,76.0,2016-08-01,0.9326117783164236,0.3327399415760562,0.9023361135502388,0.5826635770426525,1.3189793825323635,0.8229194587958548,0.9790438498418941,-0.30634756883815384,0.21619170072171695,0.5388802230032044,Normal
2016,9,0.4996316214092431,-0.8203157664468723,40.414844316573834,54.042023625536956,0.4146550201981071,0.5087116233303435,0.8682616993713057,1.1291717978206142,0.8650842834612119,31.5287168515708,0.0769877928427882,0.20058436992674988,-0.8117525382757017,28.000000000000004,2016-09-01,0.5425929695759876,0.9326117783164236,0.5989456349544643,0.9023361135502388,0.8579959068711859,1.3189793825323635,0.7682666093541362,0.9790438498418941,-0.012973992230288361,0.21619170072171695,Normal
2016,10,0.40084625566292753,-1.285188177787159,14.254643086936078,13.578133819253361,-0.7593832706244216,-0.9226624882686024,0.41230442589116645,0.9110173089501863,0.874937413551334,35.67717122015591,1.0367795532433086,0.17035582867402058,-0.9163344926646185,12.0,2016-10-01,0.4146550201981071,0.5425929695759876,0.5087116233303435,0.5989456349544643,0.8682616993713057,0.8579959068711859,-0.8117525382757017,0.7682666093541362,-0.8203157664468723,-0.012973992230288361,Normal
2016,11,0.3559045427504274,-1.2804646525985337,12.732298557942196,17.321920545927416,-0.18311763673775863,-0.01949105507928953,-0.3760588231601666,0.7098335086504507,0.7893798014902541,34.21083758034462,0.6898909272855406,0.20348962985763144,0.05440292120533534,72.0,2016-11-01,-0.7593832706244216,0.4146550201981071,-0.9226624882686024,0.5087116233303435,0.41230442589116645,0.8682616993713057,-0.9163344926646185,-0.8117525382757017,-1.285188177787159,-0.8203157664468723,Normal
2016,12,0.345348445476218,-0.9879695642024766,15.001945287775314,7.945669164395175,-0.6368057500512058,-0.677672425869634,-0.9673717430925477,0.6790130879634031,0.745545340950912,33.154447167263555,0.9785983065530584,0.2068172910269332,-0.29560548697300393,52.0,2016-12-01,-0.18311763673775863,-0.7593832706244216,-0.01949105507928953,-0.9226624882686024,-0.3760588231601666,0.41230442589116645,0.05440292120533534,-0.9163344926646185,-1.2804646525985337,-1.285188177787159,Normal
2017,1,0.3077389292795907,-1.3480391809443355,6.34085248732857,12.03640249786131,-0.8180482631966144,-0.9166171789413528,-0.8996971861895834,0.25403195977972454,0.7365218002475751,35.141163105026976,1.5605700147449564,0.16881353215781958,-1.2982440696863091,8.0,2017-01-01,-0.6368057500512058,-0.18311763673775863,-0.677672425869634,-0.01949105507928953,-0.9673717430925477,-0.3760588231601666,-0.29560548697300393,0.05440292120533534,-0.9879695642024766,-1.2804646525985337,Normal
2017,2,0.322578889326917,-0.39275810120911253,33.49155184214241,65.18551583748733,2.487576859294291,2.145415364626385,1.1574691189090511,0.3773936234978883,1.0590673989767878,33.13992136996306,-0.4529056267002445,0.3233031012614986,1.0741310106378814,92.0,2017-02-01,-0.8180482631966144,-0.6368057500512058,-0.9166171789413528,-0.677672425869634,-0.8996971861895834,-0.9673717430925477,-1.2982440696863091,-0.29560548697300393,-1.3480391809443355,-0.9879695642024766,Normal
2017,3,0.3882571984970628,1.402879611322545,70.17390138889391,39.99433842263248,-0.4829099886493475,-0.33114718441531693,0.5560825473382184,-0.07328694191428334,1.0735462984652469,36.426588547171804,-0.06592049788097039,0.34708943309897694,1.0066583746863076,84.0,2017-03-01,2.487576859294291,-0.8180482631966144,2.145415364626385,-0.9166171789413528,1.1574691189090511,-0.8996971861895834,1.0741310106378814,-1.2982440696863091,-0.39275810120911253,-1.3480391809443355,Normal
2017,4,0.3406299424075313,-0.3509695925109456,35.73708352587807,48.57635157929829,-0.8268471168226439,-0.789525060952839,0.027549454576179463,-0.24582656128269467,0.7678907292344379,38.50164461902711,0.4378588579381923,0.2565143560364126,-0.5719655723486917,36.0,2017-04-01,-0.4829099886493475,2.487576859294291,-0.33114718441531693,2.145415364626385,0.5560825473382184,1.1574691189090511,1.0066583746863076,1.0741310106378814,1.402879611322545,-0.39275810120911253,Normal
2017,5,0.39320581992759746,0.5275737669600802,53.41992659043012,98.52968720531014,1.2511000940578025,1.196190588632517,0.08734730795324264,0.44172866851960846,0.8692270588411801,33.88477353742137,-1.2881100472163187,0.3364709671927697,2.021202174272841,100.0,2017-05-01,-0.8268471168226439,-0.4829099886493475,-0.789525060952839,-0.33114718441531693,0.027549454576179463,0.5560825473382184,-0.5719655723486917,1.0066583746863076,-0.3509695925109456,1.402879611322545,Normal
2017,6,0.32752576184842586,0.5714891258922895,50.32951186343509,9.164657253802678,-0.5077955705444558,-0.46210647628385976,0.2515065692417565,0.4423163324453163,0.8189845621189117,37.7879647345938,0.14395738352699494,0.18296072497224167,-0.09602179837242346,68.0,2017-06-01,1.2511000940578025,-0.8268471168226439,1.196190588632517,-0.789525060952839,0.08734730795324264,0.027549454576179463,2.021202174272841,-0.5719655723486917,0.5275737669600802,-0.3509695925109456,Normal
2017,7,0.31905632466832473,-0.9061824356660277,17.36626645999106,95.36803345311439,-1.1706933075378254,-1.1407414762352819,-0.5772435620648914,-0.5082476705716875,-0.1849496887874276,32.01880743774226,0.24205478864480395,0.22904223253919745,-0.8872857494548811,24.0,2017-07-01,-0.5077955705444558,1.2511000940578025,-0.46210647628385976,1.196190588632517,0.2515065692417565,0.08734730795324264,-0.09602179837242346,2.021202174272841,0.5714891258922895,0.5275737669600802,Normal
2017,8,0.5338676782571633,-0.14845501622546944,61.87906195499386,419.7845038218019,2.577683130130934,2.0375373414208187,0.9060064771646892,0.8968303870894794,0.9155427191114149,28.433954999054052,-0.012025102561043055,0.3079527567384316,-0.09109497262100671,52.0,2017-08-01,-1.1706933075378254,-0.5077955705444558,-1.1407414762352819,-0.46210647628385976,-0.5772435620648914,0.2515065692417565,-0.8872857494548811,-0.09602179837242346,-0.9061824356660277,0.5714891258922895,Normal
2017,9,0.5462601654987522,0.13792141045295514,62.732958779752394,67.76309341227707,1.290457933437246,1.2589228505452004,1.06966056438256,1.1098480070988157,0.9830296747336944,30.595278416035402,-0.3400764172292904,0.22478960152705496,0.2125324900258632,52.0,2017-09-01,2.577683130130934,-1.1706933075378254,2.0375373414208187,-1.1407414762352819,0.9060064771646892,-0.5772435620648914,-0.09109497262100671,-0.8872857494548811,-0.14845501622546944,-0.9061824356660277,Normal
2017,10,0.5533825096531505,1.4164052997240046,91.4333502148247,49.24182812719578,0.6797992591973181,0.8976835486298188,2.2118233284860414,1.4268079165760474,1.2269610364516272,30.873541471419347,-0.691392882598093,0.19824126831098787,0.41988073068603676,76.0,2017-10-01,1.290457933437246,2.577683130130934,1.2589228505452004,2.0375373414208187,1.06966056438256,0.9060064771646892,0.2125324900258632,-0.09109497262100671,0.13792141045295514,-0.14845501622546944,Normal
2017,11,0.4403398619744393,0.36950603954700156,51.17356022329038,12.313038892502473,-0.5432500968291222,-0.5293052460529716,0.9423611131087896,1.029949837920828,1.2180764467646303,32.66461967761155,0.04654545431486494,0.17554930111191439,-0.7423505262522848,28.000000000000004,2017-11-01,0.6797992591973181,1.290457933437246,0.8976835486298188,1.2589228505452004,2.2118233284860414,1.06966056438256,0.41988073068603676,0.2125324900258632,1.4164052997240046,0.13792141045295514,Normal
2017,12,0.36216594876845776,-0.6311118749127422,23.33011793814638,7.889199919717174,-0.644112940992716,-0.6893352686858972,0.29392022976656146,1.084618979202973,1.2667856406083016,32.13127447233617,0.5108269410570102,0.16869136265417828,-1.0331869300804006,12.0,2017-12-01,-0.5432500968291222,0.6797992591973181,-0.5293052460529716,0.8976835486298188,0.9423611131087896,2.2118233284860414,-0.7423505262522848,0.41988073068603676,0.36950603954700156,1.4164052997240046,Normal
2018,1,0.3376610231027739,-0.7337199526179337,21.2234156629834,14.782181504355481,-0.5587973163110393,-0.5321105899057832,-1.0640087435323706,2.1590783200535077,1.3247455758649738,31.94294612224673,0.3546415875331351,0.22588695014008484,-0.4918443617742245,32.0,2018-01-01,-0.644112940992716,-0.5432500968291222,-0.6893352686858972,-0.5293052460529716,0.29392022976656146,0.9423611131087896,-1.0331869300804006,-0.7423505262522848,-0.6311118749127422,0.36950603954700156,Normal
2018,2,0.31251392431096603,-0.6192981099058998,27.048176558472154,28.713379929665003,0.24008612097266194,0.4495331982266987,-0.2435831049183946,0.6417244451852155,1.0576386212621403,34.08442598885827,-0.1009343279144565,0.22522999413525327,-0.5458180675404016,28.000000000000004,2018-02-01,-0.5587973163110393,-0.644112940992716,-0.5321105899057832,-0.6893352686858972,-1.0640087435323706,0.29392022976656146,-0.4918443617742245,-1.0331869300804006,-0.7337199526179337,-0.6311118749127422,Normal
2018,3,0.29749293776762376,-0.5499369903601408,25.68413525530051,18.076444448795904,-1.1802080011899145,-1.4257277096337861,-1.156569788800129,-0.6408790804823062,0.8885960820529883,36.699851961380986,0.015586924530946483,0.30085329626812884,0.24718963351966125,56.00000000000001,2018-03-01,0.24008612097266194,-0.5587973163110393,0.4495331982266987,-0.5321105899057832,-0.2435831049183946,-1.0640087435323706,-0.5458180675404016,-0.4918443617742245,-0.6192981099058998,-0.7337199526179337,Normal
2018,4,0.38672514123033025,0.3814269565917095,51.37114777221018,99.9164642002066,0.5772426477871222,0.6798092665804852,-0.10241123268324333,-0.4097535636650699,1.2375816285762746,33.10365619306205,-0.9738646316895906,0.34505833938176234,0.7780484090697206,72.0,2018-04-01,-1.1802080011899145,0.24008612097266194,-1.4257277096337861,0.4495331982266987,-1.156569788800129,-0.2435831049183946,0.24718963351966125,-0.5458180675404016,-0.5499369903601408,-0.6192981099058998,Normal
2018,5,0.3559941976048584,-0.047276328791531874,40.58365913822554,29.597713433390048,-0.7273042833736546,-0.6262724298598976,-0.5699251312225292,-0.6770291193811481,0.7314993064837338,37.36924856260461,-0.24416075037184168,0.2257793834050808,-0.25375904190390974,48.0,2018-05-01,0.5772426477871222,-1.1802080011899145,0.6798092665804852,-1.4257277096337861,-0.10241123268324333,-1.156569788800129,0.7780484090697206,0.24718963351966125,0.3814269565917095,-0.5499369903601408,Normal
2018,6,0.2721242264109861,-0.5347257975300105,26.217127348681124,40.941635583736804,2.1051421889026036,1.9335106743364658,0.49684539828552565,-0.19562141556768683,0.9524281287891294,34.779025096118964,-0.8589632685481638,0.2150688397657656,1.8842045866718138,96.0,2018-06-01,-0.7273042833736546,0.5772426477871222,-0.6262724298598976,0.6798092665804852,-0.5699251312225292,-0.10241123268324333,-0.25375904190390974,0.7780484090697206,-0.047276328791531874,0.3814269565917095,Normal
2018,7,0.3955700768223507,0.020273506938292704,42.42817762724256,158.3622546157686,-0.21307934839600803,-0.05862069571709194,-0.13503490030971818,-0.2605649754569349,1.5104008943363512,27.605664452240834,-0.9125572742428549,0.29156056856204693,0.6001419592626809,68.0,2018-07-01,2.1051421889026036,-0.7273042833736546,1.9335106743364658,-0.6262724298598976,0.49684539828552565,-0.5699251312225292,1.8842045866718138,-0.25375904190390974,-0.5347257975300105,-0.047276328791531874,Normal
2018,8,0.5569796422554287,0.23754816325200478,69.25662142626409,247.55571933021093,0.33065643573213754,0.4197069649243421,0.3794784750601665,0.03732190021514149,0.190072698329931,27.428151609578727,-0.495769738008143,0.3025536373947347,-0.19030295654193666,44.0,2018-08-01,-0.21307934839600803,2.1051421889026036,-0.05862069571709194,1.9335106743364658,-0.13503490030971818,0.49684539828552565,0.6001419592626809,1.8842045866718138,0.020273506938292704,-0.5347257975300105,Normal
2018,9,0.5354926404230131,-0.08335598587680959,57.579230268217,58.836798950484585,0.7207009964363744,0.7837037904977084,0.2679579614198159,0.39876667689057904,0.1248144513086886,29.556027248938285,-0.8044181997949903,0.25720643542987515,1.5843052612964674,100.0,2018-09-01,0.33065643573213754,-0.21307934839600803,0.4197069649243421,-0.05862069571709194,0.3794784750601665,-0.13503490030971818,-0.19030295654193666,0.6001419592626809,0.23754816325200478,0.020273506938292704,Normal
2018,10,0.5204072475111359,0.8323752688842702,74.74887008141967,68.6715085319676,1.4638699266138446,1.5116696111238634,0.845435880638966,0.5179113766910296,0.25556762047032205,30.35899788732013,-0.8765070744887556,0.22559798172762233,1.7307604372296768,92.0,2018-10-01,0.7207009964363744,0.33065643573213754,0.7837037904977084,0.4197069649243421,0.2679579614198159,0.3794784750601665,1.5843052612964674,-0.19030295654193666,-0.08335598587680959,0.23754816325200478,Normal
2018,11,0.48323064038172264,1.2076449603885635,70.70064498992159,41.28493478341923,1.5397937565972035,1.5741848234030213,1.8825727725622259,0.7968334901776102,0.4651002271181934,30.349034610509563,-0.9169158841972291,0.27159905905788795,1.9966285483105106,96.0,2018-11-01,1.4638699266138446,0.7207009964363744,1.5116696111238634,0.7837037904977084,0.845435880638966,0.2679579614198159,1.7307604372296768,1.5843052612964674,0.8323752688842702,-0.08335598587680959,Normal
2018,12,0.4454095848011116,1.135269917109622,64.55308432486859,7.892402416789776,-0.6436985338630905,-0.6886722929143246,1.6772273034914136,0.6258994907948422,0.4883617336346632,30.994975000125727,-0.008663422948493718,0.18866608020353762,-0.6467574941418017,40.0,2018-12-01,1.5397937565972035,1.4638699266138446,1.5741848234030213,1.5116696111238634,1.8825727725622259,0.845435880638966,1.9966285483105106,1.7307604372296768,1.2076449603885635,0.8323752688842702,Normal
2019,1,0.3508928640552228,-0.46206201413007947,27.804629867734814,12.200535741145503,-0.8025511315497534,-0.8920106843965286,0.4963977402322306,0.9521294681266158,0.5053373240525345,33.42193244926132,0.9123122098853516,0.16926912579024997,-1.2918069123351823,12.0,2019-01-01,-0.6436985338630905,1.5397937565972035,-0.6886722929143246,1.5741848234030213,1.6772273034914136,1.8825727725622259,-0.6467574941418017,1.9966285483105106,1.135269917109622,1.2076449603885635,Normal
2019,2,0.31727764643568923,-0.5120773048803884,30.097809552533235,29.547223339213197,0.2914693288249928,0.5007627723347208,-0.3309986260702184,1.5079439916435722,0.501201599287372,34.322822150433666,-0.012095581193040994,0.25489554040727475,-0.05580938172243227,52.0,2019-02-01,-0.8025511315497534,-0.6436985338630905,-0.8920106843965286,-0.6886722929143246,0.4963977402322306,1.6772273034914136,-1.2918069123351823,-0.6467574941418017,-0.46206201413007947,1.135269917109622,Normal
2019,3,0.32985281515101156,0.14629416136012424,41.54592232136016,83.43332576931383,0.8990621834842006,0.9565844295106279,0.7523895015877392,1.522034011050051,0.9420541160196657,34.926785332395255,-0.5132730807919254,0.31081617768617115,0.41083862168306895,68.0,2019-03-01,0.2914693288249928,-0.8025511315497534,0.5007627723347208,-0.8920106843965286,-0.3309986260702184,0.4963977402322306,-0.05580938172243227,-1.2918069123351823,-0.5120773048803884,-0.46206201413007947,Normal
2019,4,0.40373022188604946,0.6516169700319161,57.138744621235546,132.01742031232894,1.455164833973804,1.3505964044832115,1.4362201142548343,1.4364060807664565,1.163993911102641,33.87060369565602,-0.7732866164579812,0.335458420644397,0.6316801971791899,68.0,2019-04-01,0.8990621834842006,0.2914693288249928,0.9565844295106279,0.5007627723347208,0.7523895015877392,-0.3309986260702184,0.41083862168306895,-0.05580938172243227,0.14629416136012424,-0.5120773048803884,Normal
2019,5,0.38709870573405436,0.4332302538373266,51.313258128905666,78.22384661079693,0.6683057575350445,0.7865903594512074,1.4909631527963054,1.3483263521854676,1.3916083990212123,39.345482719550084,0.34791933160112903,0.2720715144272674,0.6976484552698727,80.0,2019-05-01,1.455164833973804,0.8990621834842006,1.3505964044832115,0.9565844295106279,1.4362201142548343,0.7523895015877392,0.6316801971791899,0.41083862168306895,0.6516169700319161,0.14629416136012424,Normal
2019,6,0.3533007895730048,1.0861449038490174,61.54756519835207,11.592553951149483,-0.308155979559235,-0.16104432403918126,1.287187102317747,1.431834723097279,1.2400501930375079,36.72764995305697,-0.20946000594342706,0.2120374453242524,1.6972472615481462,92.0,2019-06-01,0.6683057575350445,1.455164833973804,0.7865903594512074,1.3505964044832115,1.4909631527963054,1.4362201142548343,0.6976484552698727,0.6316801971791899,0.4332302538373266,0.6516169700319161,Normal
2019,7,0.38281747717211895,-0.13413954165756428,38.251091670952626,146.30455327015085,-0.39637589386662625,-0.23927864932101112,-0.01752828507144265,0.9956552410887839,1.298937401507838,29.758462245938322,-0.3493200735160278,0.2253821140983277,-0.9743667873146864,20.0,2019-07-01,-0.308155979559235,0.6683057575350445,-0.16104432403918126,0.7865903594512074,1.287187102317747,1.4909631527963054,1.6972472615481462,0.6976484552698727,1.0861449038490174,0.4332302538373266,Normal
2019,8,0.5331735551156241,-0.1600478752141351,61.6574912240307,183.418571455182,-0.5061251963464982,-0.3763681486036569,-0.446429425664819,0.3469701260161343,0.729770869678837,30.45761188551485,0.9612597094156328,0.3438233128599936,0.5680209550713875,72.0,2019-08-01,-0.39637589386662625,-0.308155979559235,-0.23927864932101112,-0.16104432403918126,-0.01752828507144265,1.287187102317747,-0.9743667873146864,1.6972472615481462,-0.13413954165756428,1.0861449038490174,Normal
2019,9,0.5386772639614492,-0.017910565511513432,59.10350673965285,50.2877218892507,0.17502148950972196,0.28193629990954655,-0.39496305842286666,0.15436084483072668,0.658361862604503,32.79824605904512,0.6442187701862649,0.24165165742524194,0.9260787054927434,80.0,2019-09-01,-0.5061251963464982,-0.39637589386662625,-0.3763681486036569,-0.23927864932101112,-0.446429425664819,-0.01752828507144265,0.5680209550713875,-0.9743667873146864,-0.1600478752141351,-0.13413954165756428,Normal
2019,10,0.4883281928161654,0.264218108461208,58.517843669814354,43.59386978749894,0.45187999481975016,0.6905622147752691,-0.1809553576868659,-0.1657117530311464,0.49391178258412133,32.50569943958044,-0.1042014130105835,0.22861835947231732,1.8754909767253019,96.0,2019-10-01,0.17502148950972196,-0.5061251963464982,0.28193629990954655,-0.3763681486036569,-0.39496305842286666,-0.446429425664819,0.9260787054927434,0.5680209550713875,-0.017910565511513432,-0.1600478752141351,Normal
2019,11,0.430380685391024,0.17489139686481595,46.63939944160647,49.877128754304344,2.157561986397805,1.9925169581573308,1.3053907992201759,-0.08568906322420106,0.5617587480094389,31.796772251965773,-0.31454576803586487,0.22837134613262447,0.7639362055551825,88.0,2019-11-01,0.45187999481975016,0.17502148950972196,0.6905622147752691,0.28193629990954655,-0.1809553576868659,-0.39496305842286666,1.8754909767253019,0.9260787054927434,0.264218108461208,-0.017910565511513432,Normal
2019,12,0.47035497048547903,1.6645965679848622,76.90625442386721,9.723228218535358,-0.40678738354961047,-0.3366573689154167,1.3052052614751877,-0.09526261844276866,0.601532916424093,29.962463354741345,-0.4807043449223773,0.20726372097306087,-0.2869688856372444,56.00000000000001,2019-12-01,2.157561986397805,0.45187999481975016,1.9925169581573308,0.6905622147752691,1.3053907992201759,-0.1809553576868659,0.7639362055551825,1.8754909767253019,0.17489139686481595,0.264218108461208,Normal
2020,1,0.42344164057886036,1.0274095674172958,63.88872733463586,17.93573431506509,-0.26104518465860865,-0.14693918039404777,1.236513557837593,0.10055614507003732,0.6794519318128408,31.181098548620284,0.06737726144609722,0.2687217063412756,0.1133749524056099,64.0,2020-01-01,-0.40678738354961047,2.157561986397805,-0.3366573689154167,1.9925169581573308,1.3052052614751877,1.3053907992201759,-0.2869688856372444,0.7639362055551825,1.6645965679848622,0.17489139686481595,Normal
2020,2,0.3769920269169731,0.8319607769325791,68.32567846842278,13.765933378403531,-0.6810073891640077,-0.714177964879345,-0.7733835699453769,0.7504592952159875,0.5538555679758971,34.19790610482024,-0.058645764150505236,0.27006344539515054,0.19473059221125447,56.00000000000001,2020-02-01,-0.26104518465860865,-0.40678738354961047,-0.14693918039404777,-0.3366573689154167,1.236513557837593,1.3052052614751877,0.1133749524056099,-0.2869688856372444,1.0274095674172958,1.6645965679848622,Normal
2020,3,0.3064636344698204,-0.3569301250155331,30.081286679535904,47.046044698704804,-0.2585663187148788,-0.07312935426542203,-0.5436231666858813,0.45224778555616224,0.29211887931579716,36.991345645222886,0.10253196577646195,0.28856253902455004,0.04530326126682571,48.0,2020-03-01,-0.6810073891640077,-0.26104518465860865,-0.714177964879345,-0.14693918039404777,-0.7733835699453769,1.236513557837593,0.19473059221125447,0.1133749524056099,0.8319607769325791,1.0274095674172958,Normal
2020,4,0.3564107640650115,-0.10023156297398733,41.08944962807017,142.3177790019792,1.7368671417723514,1.5432327641312948,0.8422013306863849,1.1032087684571659,0.36241761852960686,35.71061245918933,-0.2920733592923649,0.29126645429576997,-0.0421066619948138,52.0,2020-04-01,-0.2585663187148788,-0.6810073891640077,-0.07312935426542203,-0.714177964879345,-0.5436231666858813,-0.7733835699453769,0.04530326126682571,0.19473059221125447,-0.3569301250155331,0.8319607769325791,Normal
2020,5,0.4385867220123415,1.2286239840791662,69.07421307463211,60.224758050912584,0.15171710283504802,0.3609769358132225,0.9590910821528401,0.6947145388243348,0.22215042876021163,38.51209206255047,0.09823535221150954,0.2587072944941861,0.4229836524739296,76.0,2020-05-01,1.7368671417723514,-0.2585663187148788,1.5432327641312948,-0.07312935426542203,0.8422013306863849,-0.5436231666858813,-0.0421066619948138,0.04530326126682571,-0.10023156297398733,-0.3569301250155331,Normal
2020,6,0.3348932822057562,0.7185980625588488,53.53607432372702,10.769791411830877,-0.37580958978368423,-0.25772063448881477,1.1650190732315582,0.707320756869726,0.21612287501382946,37.03970562746854,-0.1054475902529443,0.17970789790406852,-0.29663569388776356,52.0,2020-06-01,0.15171710283504802,1.7368671417723514,0.3609769358132225,1.5432327641312948,0.9590910821528401,0.8422013306863849,0.4229836524739296,-0.0421066619948138,1.2286239840791662,-0.10023156297398733,Normal
2020,7,0.3760434899388788,-0.21616140767097908,36.032287057295626,192.07785802510045,0.2994523072030066,0.40200038712991226,0.40109785845070783,0.829942303847562,0.581817670473868,31.77819089277395,0.17910220218579181,0.2776511579716921,0.2692111629525923,64.0,2020-07-01,-0.37580958978368423,0.15171710283504802,-0.25772063448881477,0.3609769358132225,1.1650190732315582,0.9590910821528401,-0.29663569388776356,0.4229836524739296,0.7185980625588488,1.2286239840791662,Normal
2020,8,0.5665860663651971,0.3979893204837299,72.3230836785149,266.78651256599113,0.5815558767449825,0.6311004674006102,0.5401415064772351,0.9507522167515017,1.0639204379081786,28.845876011235156,0.18608973971891296,0.3705358991724666,1.0588606021831108,84.0,2020-08-01,0.2994523072030066,-0.37580958978368423,0.40200038712991226,-0.25772063448881477,0.40109785845070783,1.1650190732315582,0.2692111629525923,-0.29663569388776356,-0.21616140767097908,0.7185980625588488,Normal
2020,9,0.5465316483768801,0.14350050351266094,62.862900343812846,48.275582577866636,0.04658853944513143,0.15574529022600872,0.5695042202519677,0.9868228751153154,1.028104060995544,31.782837913160513,0.19053014955300965,0.20635847973372723,-0.5674113840691214,40.0,2020-09-01,0.5815558767449825,0.2994523072030066,0.6311004674006102,0.40200038712991226,0.5401415064772351,0.40109785845070783,1.0588606021831108,0.2692111629525923,0.3979893204837299,-0.21616140767097908,Normal
2020,10,0.43408592530125323,-0.6964751843811287,31.072905374985627,16.832082963670594,-0.6280725118135837,-0.6674891478786319,0.4172038880022783,0.45315127809211675,0.8699373575720251,34.74098698766132,0.6999742892880636,0.1723734081309168,-0.8196560676614009,20.0,2020-10-01,0.04658853944513143,0.5815558767449825,0.15574529022600872,0.6311004674006102,0.5695042202519677,0.5401415064772351,-0.5674113840691214,1.0588606021831108,0.14350050351266094,0.3979893204837299,Normal
2020,11,0.38780968760827644,-0.6569986145955865,27.257902691651996,12.165259139728121,-0.5538752801735779,-0.5463681113638288,-0.6484772780413568,0.34961763439443655,0.6280872713038015,33.52823268950795,0.405874835135025,0.1984726500468295,-0.08866253791867221,68.0,2020-11-01,-0.6280725118135837,0.04658853944513143,-0.6674891478786319,0.15574529022600872,0.4172038880022783,0.5695042202519677,-0.8196560676614009,-0.5674113840691214,-0.6964751843811287,0.14350050351266094,Normal
2020,12,0.3749258452326974,-0.3603542547905008,29.648928697891087,7.382301912806562,-0.7097061775498505,-0.7967258484001458,-1.0958784650861393,0.35288756927504955,0.6401183898963174,32.65870387141189,0.7519557079128485,0.20486655535006396,-0.3333442777927048,48.0,2020-12-01,-0.5538752801735779,-0.6280725118135837,-0.5463681113638288,-0.6674891478786319,-0.6484772780413568,0.4172038880022783,-0.08866253791867221,-0.8196560676614009,-0.6569986145955865,-0.6964751843811287,Normal
2021,1,0.3320857408104526,-0.8481839716053681,18.450398125243673,12.848262604995714,-0.7413940601396994,-0.7970969524407722,-1.2565330609872138,0.20545353820162524,0.6399554475228955,33.52553856577856,0.9513782150419353,0.1697609445826911,-1.2848579237413429,16.0,2021-01-01,-0.7097061775498505,-0.5538752801735779,-0.7967258484001458,-0.5463681113638288,-1.0958784650861393,-0.6484772780413568,-0.3333442777927048,-0.08866253791867221,-0.3603542547905008,-0.6569986145955865,Normal
2021,2,0.30670304503806367,-0.7500880966503213,23.32817595995307,16.837071007812263,-0.49175734371419366,-0.421845527693912,-1.0329332249638679,-1.2352223833957652,0.6497595987334039,34.60294061495036,0.09229105471896573,0.25471127429957613,-0.058853047004920216,48.0,2021-02-01,-0.7413940601396994,-0.7097061775498505,-0.7970969524407722,-0.7967258484001458,-1.2565330609872138,-1.0958784650861393,-1.2848579237413429,-0.3333442777927048,-0.8481839716053681,-0.3603542547905008,Moderate
2021,3,0.28489316779699925,-0.821024307970363,19.508127046506267,10.192586883898114,-1.4310258132351044,-2.080407652714551,-2.1336260575653814,-2.2119886651952783,0.38400078161919515,41.04182421344514,1.3106851632542078,0.1888758685720891,-1.59213695993074,12.0,2021-03-01,-0.49175734371419366,-0.7413940601396994,-0.421845527693912,-0.7970969524407722,-1.0329332249638679,-1.2565330609872138,-0.058853047004920216,-1.2848579237413429,-0.7500880966503213,-0.8481839716053681,Severe
2021,4,0.296557758647172,-1.0512228970164945,20.78916335236066,44.084434424832025,-0.9496955988007015,-0.9627666481887287,-1.8813224548729126,-2.0773604873088214,-0.35744266354297943,42.075936341591536,1.372635145944816,0.21083635582039645,-1.2684097191445078,12.0,2021-04-01,-1.4310258132351044,-0.49175734371419366,-2.080407652714551,-0.421845527693912,-2.1336260575653814,-1.0329332249638679,-1.59213695993074,-0.058853047004920216,-0.821024307970363,-0.7500880966503213,Severe
2021,5,0.40616188436897127,0.7277207753353814,57.88916221942461,99.36210469405249,1.2749911610541929,1.2117768923777192,-0.4621599295345523,-0.8198448485215598,-0.04662579781513338,36.53402970033006,-0.49439246036577655,0.29495744092591925,1.168005761572101,84.0,2021-05-01,-0.9496955988007015,-1.4310258132351044,-0.9627666481887287,-2.080407652714551,-1.8813224548729126,-2.1336260575653814,-1.2684097191445078,-1.59213695993074,-1.0512228970164945,-0.821024307970363,Normal
2021,6,0.30694678003002557,0.16058396565432312,41.37293117285614,8.045163989338947,-0.5998485716760458,-0.6199733587987211,0.16553387469394107,-0.9006345530483886,-0.07373484597925732,37.919174660279694,0.18769144271015964,0.16976391942642297,-0.9099176844491468,12.0,2021-06-01,1.2749911610541929,-0.9496955988007015,1.2117768923777192,-0.9627666481887287,-0.4621599295345523,-1.8813224548729126,1.168005761572101,-1.2684097191445078,0.7277207753353814,-1.0512228970164945,Normal
2021,7,0.487257298934748,1.13045526375393,72.46012549365042,246.4687572631141,1.1262818702848423,1.043605386830458,1.6320909721540444,0.35312617457723094,0.3337335506804528,27.139014030937645,-1.034647178730065,0.3016423843679023,0.840007143427774,76.0,2021-07-01,-0.5998485716760458,1.2749911610541929,-0.6199733587987211,1.2117768923777192,0.16553387469394107,-0.4621599295345523,-0.9099176844491468,1.168005761572101,0.16058396565432312,0.7277207753353814,Normal
2021,8,0.6335842467696706,1.516955698991116,93.70954224335131,326.66798779062543,1.3628147918963178,1.2314789907944688,1.2609061543452786,1.057372629770002,0.7012466399878475,27.2075822746971,-0.6018533261224983,0.30636429881859967,-0.12028264152366423,48.0,2021-08-01,1.1262818702848423,-0.5998485716760458,1.043605386830458,-0.6199733587987211,1.6320909721540444,0.16553387469394107,0.840007143427774,-0.9099176844491468,1.13045526375393,0.16058396565432312,Normal
2021,9,0.5720149891113964,0.6671944116163304,75.06015261755638,49.385782176359605,0.11745153028690232,0.22579438649531708,1.314301058310713,1.3332476474058161,0.6937483718109156,30.555526121876863,-0.3578379090755898,0.19827588237629204,-0.9094400661209101,24.0,2021-09-01,1.3628147918963178,1.1262818702848423,1.2314789907944688,1.043605386830458,1.2609061543452786,1.6320909721540444,-0.12028264152366423,0.840007143427774,1.516955698991116,1.13045526375393,Normal
2021,10,0.5321587612564698,1.0405081688000617,80.69477876827267,39.798533292164215,0.2987219419350226,0.5413713375974675,1.2212922138775348,1.6117012239807957,0.8541436477827801,30.83040183061325,-0.7069129667912616,0.19463358732754382,0.24700777928813383,68.0,2021-10-01,0.11745153028690232,1.3628147918963178,0.22579438649531708,1.2314789907944688,1.314301058310713,1.2609061543452786,-0.9094400661209101,-0.12028264152366423,0.6671944116163304,1.516955698991116,Normal
2021,11,0.4628612016139574,0.8096009038119644,61.42695558074748,20.91717275067256,0.07537659625304069,0.28716927857005375,0.41557052598748334,1.252440841958573,0.9284530920317084,33.02090952482898,0.1947894113066875,0.17333933553944608,-0.8053704607939169,20.0,2021-11-01,0.2987219419350226,0.11745153028690232,0.5413713375974675,0.22579438649531708,1.2212922138775348,1.314301058310713,0.24700777928813383,-0.9094400661209101,1.0405081688000617,0.6671944116163304,Normal
2021,12,0.3914727877457719,-0.009237708688763835,37.843117317330076,10.857280288879744,-0.2600396262017994,-0.14095239884096405,0.3662486892749442,1.3438929958878931,0.9916555145218852,31.578173932283775,0.2579619103934678,0.17032048684977216,-1.0016700116347899,16.0,2021-12-01,0.07537659625304069,0.2987219419350226,0.28716927857005375,0.5413713375974675,0.41557052598748334,1.2212922138775348,-0.8053704607939169,0.24700777928813383,0.8096009038119644,1.0405081688000617,Normal
2022,1,0.42255956935387917,1.009300095618248,63.450005338481986,50.455988099271245,2.8094519553422135,2.405975612109127,1.432405038139038,1.5281551643567504,1.2875143722351319,28.240278709529683,-1.0414962960274519,0.304429691622304,0.617898948317295,72.0,2022-01-01,-0.2600396262017994,0.07537659625304069,-0.14095239884096405,0.28716927857005375,0.3662486892749442,0.41557052598748334,-1.0016700116347899,-0.8053704607939169,-0.009237708688763835,0.8096009038119644,Normal
2022,2,0.3496851713890452,0.2173441062362596,50.844413734311686,13.315595456190964,-0.7087581716201203,-0.76077452165064,0.7675358328576908,0.7395395567361065,1.242662002266517,33.18114959561023,-0.4375418562777774,0.191633064316613,-1.100764444626909,24.0,2022-02-01,2.8094519553422135,-0.2600396262017994,2.405975612109127,-0.14095239884096405,1.432405038139038,0.3662486892749442,0.617898948317295,-1.0016700116347899,1.009300095618248,-0.009237708688763835,Normal
2022,3,0.32518159345132863,0.04579161540237887,39.25623738031756,47.907681090393204,-0.23115413467136878,-0.04344914343046044,0.41438155738443455,0.47749651465058657,1.4512840721525393,36.559071672871156,-0.026404201416336065,0.22762852388197571,-0.955590908240965,16.0,2022-03-01,-0.7087581716201203,2.8094519553422135,-0.76077452165064,2.405975612109127,0.7675358328576908,1.432405038139038,-1.100764444626909,0.617898948317295,0.2173441062362596,1.009300095618248,Normal
2022,4,0.31807557480213866,-0.7093310145949312,28.087340359921832,28.810257317101417,-1.3674258032153157,-1.666669287689869,-1.3444976661396546,-0.5805507858288607,1.3704332843990077,39.708057862556416,0.753369336970735,0.18505765919490227,-1.661452809734,8.0,2022-04-01,-0.23115413467136878,-0.7087581716201203,-0.04344914343046044,-0.76077452165064,0.41438155738443455,0.7675358328576908,-0.955590908240965,-1.100764444626909,0.04579161540237887,0.2173441062362596,Normal
2022,5,0.2741510097438299,-1.3116007909308762,12.351591226388855,11.564161894010567,-1.2448820539477752,-1.6536084677597351,-1.8365529892149641,-1.333457721262878,0.7417157250164959,40.34412612754149,0.6471130626614287,0.17521099324897202,-1.293053290238954,8.0,2022-05-01,-1.3674258032153157,-0.23115413467136878,-1.666669287689869,-0.04344914343046044,-1.3444976661396546,0.41438155738443455,-1.661452809734,-0.955590908240965,-0.7093310145949312,0.04579161540237887,Moderate
2022,6,0.2691826484017412,-0.5934609474955211,24.936865719124825,24.114620259614988,0.721500759479023,0.9397829810888021,-1.8937512659586468,-1.1904158788882913,0.8606401373685629,34.72167296095879,-0.8780795180259691,0.17616354629107508,-0.515228988045891,40.0,2022-06-01,-1.2448820539477752,-1.3674258032153157,-1.6536084677597351,-1.666669287689869,-1.8365529892149641,-1.3444976661396546,-1.293053290238954,-1.661452809734,-1.3116007909308762,-0.7093310145949312,Moderate
2022,7,0.42562162147288574,0.3841483835732946,52.27149495605786,133.15470560730597,-0.5962748282468808,-0.44818081980412144,-1.2262240118366994,-1.9677283011051199,0.07427281220314896,30.754423442992852,-0.0887464152264283,0.3229939228761891,1.3480000303364796,96.0,2022-07-01,0.721500759479023,-1.2448820539477752,0.9397829810888021,-1.6536084677597351,-1.8937512659586468,-1.8365529892149641,-0.515228988045891,-1.293053290238954,-0.5934609474955211,-1.3116007909308762,Severe
2022,8,0.5626178845694452,0.3317149532330767,71.05640217999883,381.31012387800536,2.0757173348118974,1.719908487044274,0.9972843654871523,0.28595906293094997,0.4456163452204745,27.83964731328856,-0.2978594493154403,0.38159668894507154,1.262100905658606,92.0,2022-08-01,-0.5962748282468808,0.721500759479023,-0.44818081980412144,0.9397829810888021,-1.2262240118366994,-1.8937512659586468,1.3480000303364796,-0.515228988045891,0.3841483835732946,-0.5934609474955211,Normal
2022,9,0.5784999506662718,0.8004632359810583,78.16409071163866,53.908189181344696,0.40611249414604994,0.5008096054938598,0.9771231773411362,0.3818464155414224,0.46723105126219633,29.412745366376942,-0.8684371461905405,0.22524349568526908,0.23173978365433662,56.00000000000001,2022-09-01,2.0757173348118974,-0.5962748282468808,1.719908487044274,-0.44818081980412144,0.9972843654871523,-1.2262240118366994,1.262100905658606,1.3480000303364796,0.3317149532330767,0.3841483835732946,Normal
2022,10,0.48615313605869637,0.225695337674064,57.417331076381984,23.192896986764204,-0.3713864731088735,-0.2552446190649806,1.588749012300238,0.6825300211909385,0.3530871058029644,30.959499449105486,-0.6604683077561367,0.1797158369169854,-0.4678213737121423,52.0,2022-10-01,0.40611249414604994,2.0757173348118974,0.5008096054938598,1.719908487044274,0.9771231773411362,0.9972843654871523,0.23173978365433662,1.262100905658606,0.8004632359810583,0.3317149532330767,Normal
2022,11,0.47833508674511105,1.1119797802664213,68.47182344851836,10.027187014027996,-0.7076000490458187,-0.811245791309418,-0.30147238791670805,0.8594415734955376,0.27940670982141463,31.859635018335908,-0.28839002627970367,0.1723652762695266,-0.8331469801183491,12.0,2022-11-01,-0.3713864731088735,0.40611249414604994,-0.2552446190649806,0.5008096054938598,1.588749012300238,0.9771231773411362,-0.4678213737121423,0.23173978365433662,0.225695337674064,0.8004632359810583,Normal
2022,12,0.39925522239360417,0.15590105163812276,41.69704606413072,17.423630985885076,0.5896543728154989,0.7838244346300237,-0.4205007550525078,0.8695907915290896,0.34515258760080386,30.33505820735749,-0.31036242331995906,0.22342518747701234,0.025689672343858886,64.0,2022-12-01,-0.7076000490458187,-0.3713864731088735,-0.811245791309418,-0.2552446190649806,-0.30147238791670805,1.588749012300238,-0.8331469801183491,-0.4678213737121423,1.1119797802664213,0.225695337674064,Normal
2023,1,0.4405399950659089,1.3784494376952479,72.39305668929097,11.211055076281863,-0.8959759114334042,-1.0440420016912861,-0.8067518119835184,1.5191049558330236,0.08286384388077177,29.137581763429253,-0.7031567567317752,0.2681904536914444,0.10586879635614144,60.0,2023-01-01,0.5896543728154989,-0.7076000490458187,0.7838244346300237,-0.811245791309418,-0.4205007550525078,-0.30147238791670805,0.025689672343858886,-0.8331469801183491,0.15590105163812276,1.1119797802664213,Normal
2023,2,0.3759163069479169,0.8077487095524062,67.63702555708306,12.378211137772082,-0.7665217909271684,-0.8614486728391093,-0.7970950902344649,-0.7937186570203414,0.07159637947891039,32.82961910312836,-0.5685403093572099,0.17991463007548647,-1.2943268523333296,16.0,2023-02-01,-0.8959759114334042,0.5896543728154989,-1.0440420016912861,0.7838244346300237,-0.8067518119835184,-0.4205007550525078,0.10586879635614144,0.025689672343858886,1.3784494376952479,0.15590105163812276,Normal
2023,3,0.41728888194092606,2.0275038075463363,84.4043131886681,107.62713587675344,1.6687664134544535,1.4848919727117487,0.8957548334330193,0.45066715401416774,0.5104303151014513,29.620042649294227,-2.0961374344216424,0.36468674151381314,1.2957094629861459,96.0,2023-03-01,-0.7665217909271684,-0.8959759114334042,-0.8614486728391093,-1.0440420016912861,-0.7970950902344649,-0.8067518119835184,-1.2943268523333296,0.10586879635614144,0.8077487095524062,1.3784494376952479,Normal
2023,4,0.5184447749632792,2.474291455689226,96.04636924594232,162.85675769968083,2.298583279364857,1.9024841683143896,1.9193821345919877,1.624314498566574,1.4140390096605504,31.59811501783254,-1.3676053502598287,0.3536034814369892,0.9083346330672162,84.0,2023-04-01,1.6687664134544535,-0.7665217909271684,1.4848919727117487,-0.8614486728391093,0.8957548334330193,-0.7970950902344649,1.2957094629861459,-1.2943268523333296,2.0275038075463363,0.8077487095524062,Normal
2023,5,0.5258967571140838,2.5774010302130366,99.19208732658277,110.01731150107749,1.5808043655216228,1.404377171187186,2.404762914848641,2.214585558392254,1.9038667560205025,32.65284041697972,-1.6571974149114994,0.3168667628099528,1.618291644684132,88.0,2023-05-01,2.298583279364857,1.6687664134544535,1.9024841683143896,1.4848919727117487,1.9193821345919877,0.8957548334330193,0.9083346330672162,1.2957094629861459,2.474291455689226,2.0275038075463363,Normal
2023,6,0.4410321457170204,2.8378966315276988,99.73084255054897,25.373322748936932,0.8250005708239281,1.0270979234834365,2.268174478889653,2.390651072345065,1.954668685846827,32.903598266361065,-1.484068629576089,0.22287968233374705,2.365928183401424,100.0,2023-06-01,1.5808043655216228,2.298583279364857,1.404377171187186,1.9024841683143896,2.404762914848641,1.9193821345919877,1.618291644684132,0.9083346330672162,2.5774010302130366,2.474291455689226,Normal
2023,7,0.41165217237878876,0.21500128564922905,47.69583264182537,95.29521495609163,-1.1718002663658849,-1.1422468096954743,-0.1057652213282331,1.3446221378218541,1.9448534576170335,31.538845288986707,0.11648213248948101,0.22290403626531627,-1.0333248765356282,16.0,2023-07-01,0.8250005708239281,1.5808043655216228,1.0270979234834365,1.404377171187186,2.268174478889653,2.404762914848641,2.365928183401424,1.618291644684132,2.8378966315276988,2.5774010302130366,Normal
2023,8,0.5367706445115309,-0.09997128701120614,62.805716487092255,219.8492500029523,-0.03082307171298032,0.09511259183165781,-0.45328869419477164,0.9631071020312844,0.701237039802096,29.80267107533846,0.6462636507689444,0.2512888692356445,-1.1322851524299786,20.0,2023-08-01,-1.1718002663658849,0.8250005708239281,-1.1422468096954743,1.0270979234834365,-0.1057652213282331,2.268174478889653,-1.0333248765356282,2.365928183401424,0.21500128564922905,2.8378966315276988,Normal
2023,9,0.5425698516121916,0.06208383006992074,60.96664054414087,43.54088101632889,-0.2556229852655692,-0.155704499600541,-0.5772226948913024,0.5533379077327281,0.6183077340227019,31.3987072780972,0.018898969843471253,0.1846208730216092,-1.487274720805361,12.0,2023-09-01,-0.03082307171298032,-1.1718002663658849,0.09511259183165781,-1.1422468096954743,-0.45328869419477164,-0.1057652213282331,-1.1322851524299786,-1.0333248765356282,-0.09997128701120614,0.21500128564922905,Normal
2023,10,0.45234317888871506,-0.373118107496865,40.310520635136335,29.574952331650785,-0.11384325626185415,0.08596106693717138,-0.0018340845327329653,-0.08463488415169841,0.6668523329554837,31.73086916254032,-0.3829573532635311,0.19162919498738057,0.10304322882351576,64.0,2023-10-01,-0.2556229852655692,-0.03082307171298032,-0.155704499600541,0.09511259183165781,-0.5772226948913024,-0.45328869419477164,-1.487274720805361,-1.1322851524299786,0.06208383006992074,-0.09997128701120614,Normal
2023,11,0.47518982366347434,1.0505174449370602,67.03986485300717,9.804372629956202,-0.7236201305393892,-0.8410693981425855,-0.4462029400757414,-0.5583681288538541,0.6767001676682454,30.241423861844073,-0.9616902254298302,0.1950884972857582,-0.1851658898887207,52.0,2023-11-01,-0.11384325626185415,-0.2556229852655692,0.08596106693717138,-0.155704499600541,-0.0018340845327329653,-0.5772226948913024,0.10304322882351576,-1.487274720805361,-0.373118107496865,0.06208383006992074,Normal
2023,12,0.424982896350756,0.7018274070315172,54.437612061610565,6.282979874493878,-0.8519598252826398,-1.048769277306052,-0.6393954505765579,-0.7418511539612053,0.6274068827087227,29.970732576888704,-0.4769238439818831,0.18757445965100805,-0.6678759061208743,36.0,2023-12-01,-0.7236201305393892,-0.11384325626185415,-0.8410693981425855,0.08596106693717138,-0.4462029400757414,-0.0018340845327329653,-0.1851658898887207,0.10304322882351576,1.0505174449370602,-0.373118107496865,Normal
2024,1,0.3834271921665955,0.20588801161348,43.986458464229614,19.768677069068723,-0.08798240595770228,0.05616528016040981,-1.0014094214009808,-0.198086160800012,0.7256059842043845,30.195758362908432,-0.30415779912729113,0.22895573410720324,-0.44848500846725176,36.0,2024-01-01,-0.8519598252826398,-0.7236201305393892,-1.048769277306052,-0.8410693981425855,-0.6393954505765579,-0.4462029400757414,-0.6678759061208743,-0.1851658898887207,0.7018274070315172,1.0505174449370602,Normal
2024,2,0.3284112343682356,-0.2614849676920993,37.225294366384944,34.93385834527239,0.6234052570479571,0.8108172371268323,0.20484575450423095,-0.3272563117526496,0.8704742980698345,29.82041826640901,-1.6899242662152387,0.31835056828193703,0.9923262073643314,88.0,2024-02-01,-0.08798240595770228,-0.8519598252826398,0.05616528016040981,-1.048769277306052,-1.0014094214009808,-0.6393954505765579,-0.44848500846725176,-0.6678759061208743,0.20588801161348,0.7018274070315172,Normal
2024,3,0.3630797448471878,0.8611801683872365,57.83271097187096,72.8180582086344,0.5613470279366877,0.6933809828679868,0.8084882025324706,0.28029645960949934,0.6170187471407984,32.65371963194104,-1.191269902112242,0.327176930931081,0.6795782163621755,80.0,2024-03-01,0.6234052570479571,-0.08798240595770228,0.8108172371268323,0.05616528016040981,0.20484575450423095,-1.0014094214009808,0.9923262073643314,-0.44848500846725176,-0.2614849676920993,0.20588801161348,Normal
2024,4,0.4435571329144336,1.2844180630641877,70.64679972572382,103.55850893073755,0.6768481505282059,0.7623708592764737,0.9641233539452255,0.6377293987192776,0.19278270351745982,32.8476038400203,-1.0408294142787415,0.35785242259668054,0.9731174647750999,88.0,2024-04-01,0.5613470279366877,0.6234052570479571,0.6933809828679868,0.8108172371268323,0.8084882025324706,0.20484575450423095,0.6795782163621755,0.9923262073643314,0.8611801683872365,-0.2614849676920993,Normal
2024,5,0.387326532615153,0.4367497538279063,51.3918477360241,29.424415367705794,-0.7322780804809964,-0.6335611304349066,0.3661421109318318,0.36558579965667437,-0.39088557793989537,36.83736205941544,-0.40351403515430434,0.23601311402205016,-0.04343284135861394,64.0,2024-05-01,0.6768481505282059,0.5613470279366877,0.7623708592764737,0.6933809828679868,0.9641233539452255,0.8084882025324706,0.9731174647750999,0.6795782163621755,1.2844180630641877,0.8611801683872365,Normal
2024,6,0.33016193480781436,0.6241261845111957,51.476852195111476,19.46269834733718,0.3389853959228982,0.5888253164786427,0.18283725026579423,0.5360760741191904,-0.4522461295784658,35.188530843019244,-0.7224694135508183,0.1797768596004552,-0.2923825706003804,56.00000000000001,2024-06-01,-0.7322780804809964,0.6768481505282059,-0.6335611304349066,0.7623708592764737,0.3661421109318318,0.9641233539452255,-0.04343284135861394,0.9731174647750999,0.4367497538279063,1.2844180630641877,Normal
2024,7,0.5082211313195333,1.3842928621708475,79.32678266522652,235.64541495320344,0.961749576857818,0.9239042390499095,0.7145149598565655,1.1559502306986893,0.6097329271327063,28.506766874844324,-0.6768015485721928,0.2962719471161028,0.7122344341007683,72.0,2024-07-01,0.3389853959228982,-0.7322780804809964,0.5888253164786427,-0.6335611304349066,0.18283725026579423,0.3661421109318318,-0.2923825706003804,-0.04343284135861394,0.6241261845111957,0.4367497538279063,Normal
2024,8,0.6532906054605674,1.8460803511055195,100.0,321.7310427763761,1.2984036815900792,1.1848315552743838,1.2346197643294141,1.3752771546502336,1.2051721041474726,25.3181305172377,-1.5105917149281602,0.4189340978810721,1.94817002722679,100.0,2024-08-01,0.961749576857818,0.3389853959228982,0.9239042390499095,0.5888253164786427,0.7145149598565655,0.18283725026579423,0.7122344341007683,-0.2923825706003804,1.3842928621708475,0.6241261845111957,Normal
2024,9,0.6076685851296134,1.3998915580088949,92.12525839120036,37.69087130857742,-0.6290235745896777,-0.5737603556040402,1.1458371771024622,1.1638734487072346,1.1424864024662043,29.171324165237166,-0.9763051519581213,0.25716588948638386,1.5825894915999708,96.0,2024-09-01,1.2984036815900792,0.961749576857818,1.1848315552743838,0.9239042390499095,1.2346197643294141,0.7145149598565655,1.94817002722679,0.7122344341007683,1.8460803511055195,1.3842928621708475,Normal
2024,10,0.5625406944544116,1.5786073446654942,96.06711329809086,62.14435772487935,1.2004714875749238,1.3193666883606014,1.2720000171578945,1.2119893905959418,1.3673788865424255,27.88998597611807,-1.7647683585366698,0.17826870922885713,-0.5371648759908653,48.0,2024-10-01,-0.6290235745896777,1.2984036815900792,-0.5737603556040402,1.1848315552743838,1.1458371771024622,1.2346197643294141,1.5825894915999708,1.94817002722679,1.3998915580088949,1.8460803511055195,Normal
2024,11,0.503530962174361,1.6043383856850622,79.94286719140592,15.327727446546637,-0.3264976797232327,-0.2085257934302298,0.5598396327031573,1.2566106126140033,1.4291198578642068,28.538735338435682,-1.6701395012257416,0.17368724520645196,-0.7954493811561817,24.0,2024-11-01,1.2004714875749238,-0.6290235745896777,1.3193666883606014,-0.5737603556040402,1.2720000171578945,1.1458371771024622,-0.5371648759908653,1.5825894915999708,1.5786073446654942,1.3998915580088949,Normal
2024,12,0.4337168707912581,0.8871572911999583,58.76275151902297,6.412659328694266,-0.8351791415947947,-1.0174936719314267,0.7589271060883156,1.2510219658332344,1.486306429167853,28.066052833912114,-1.3477002521307084,0.16790909594573478,-1.048320605044784,8.0,2024-12-01,-0.3264976797232327,1.2004714875749238,-0.2085257934302298,1.3193666883606014,0.5598396327031573,1.2720000171578945,-0.7954493811561817,-0.5371648759908653,1.6043383856850622,1.5786073446654942,Normal
